t, xref,zref, xact,zact 
0.000000, 1.755165, 1.250000, 1.755165, 1.250000 
0.010000, 1.755159, 1.251000, 1.755165, 1.250000 
0.020000, 1.755141, 1.252000, 1.755168, 1.250002 
0.030000, 1.755111, 1.252999, 1.755174, 1.250009 
0.040000, 1.755069, 1.253998, 1.755183, 1.250024 
0.050000, 1.755015, 1.254997, 1.755195, 1.250052 
0.060000, 1.754949, 1.255994, 1.755207, 1.250098 
0.070000, 1.754871, 1.256991, 1.755218, 1.250165 
0.080000, 1.754782, 1.257986, 1.755226, 1.250257 
0.090000, 1.754680, 1.258981, 1.755230, 1.250379 
0.100000, 1.754566, 1.259973, 1.755230, 1.250531 
0.110000, 1.754441, 1.260965, 1.755224, 1.250719 
0.120000, 1.754304, 1.261954, 1.755210, 1.250943 
0.130000, 1.754155, 1.262942, 1.755188, 1.251207 
0.140000, 1.753994, 1.263927, 1.755157, 1.251512 
0.150000, 1.753821, 1.264910, 1.755116, 1.251861 
0.160000, 1.753637, 1.265891, 1.755065, 1.252253 
0.170000, 1.753441, 1.266870, 1.755004, 1.252689 
0.180000, 1.753234, 1.267846, 1.754931, 1.253171 
0.190000, 1.753015, 1.268818, 1.754846, 1.253699 
0.200000, 1.752784, 1.269788, 1.754749, 1.254273 
0.210000, 1.752542, 1.270755, 1.754639, 1.254893 
0.220000, 1.752289, 1.271719, 1.754517, 1.255559 
0.230000, 1.752024, 1.272679, 1.754381, 1.256270 
0.240000, 1.751748, 1.273636, 1.754232, 1.257026 
0.250000, 1.751461, 1.274589, 1.754070, 1.257826 
0.260000, 1.751163, 1.275538, 1.753894, 1.258668 
0.270000, 1.750854, 1.276483, 1.753704, 1.259552 
0.280000, 1.750534, 1.277424, 1.753501, 1.260475 
0.290000, 1.750203, 1.278361, 1.753284, 1.261437 
0.300000, 1.749861, 1.279293, 1.753053, 1.262436 
0.310000, 1.749508, 1.280221, 1.752809, 1.263470 
0.320000, 1.749144, 1.281144, 1.752551, 1.264537 
0.330000, 1.748770, 1.282063, 1.752279, 1.265635 
0.340000, 1.748386, 1.282976, 1.751994, 1.266762 
0.350000, 1.747991, 1.283885, 1.751695, 1.267916 
0.360000, 1.747585, 1.284788, 1.751384, 1.269096 
0.370000, 1.747170, 1.285686, 1.751059, 1.270298 
0.380000, 1.746744, 1.286579, 1.750721, 1.271520 
0.390000, 1.746308, 1.287466, 1.750371, 1.272761 
0.400000, 1.745862, 1.288347, 1.750007, 1.274018 
0.410000, 1.745407, 1.289223, 1.749631, 1.275290 
0.420000, 1.744941, 1.290093, 1.749242, 1.276572 
0.430000, 1.744466, 1.290957, 1.748842, 1.277865 
0.440000, 1.743982, 1.291815, 1.748429, 1.279164 
0.450000, 1.743487, 1.292667, 1.748004, 1.280469 
0.460000, 1.742984, 1.293512, 1.747568, 1.281776 
0.470000, 1.742471, 1.294351, 1.747121, 1.283084 
0.480000, 1.741949, 1.295184, 1.746662, 1.284390 
0.490000, 1.741418, 1.296010, 1.746193, 1.285694 
0.500000, 1.740878, 1.296829, 1.745714, 1.286991 
0.510000, 1.740330, 1.297641, 1.745224, 1.288282 
0.520000, 1.739772, 1.298447, 1.744725, 1.289564 
0.530000, 1.739206, 1.299246, 1.744215, 1.290835 
0.540000, 1.738632, 1.300038, 1.743696, 1.292095 
0.550000, 1.738049, 1.300822, 1.743168, 1.293340 
0.560000, 1.737457, 1.301599, 1.742631, 1.294571 
0.570000, 1.736858, 1.302370, 1.742085, 1.295785 
0.580000, 1.736251, 1.303132, 1.741531, 1.296981 
0.590000, 1.735636, 1.303888, 1.740968, 1.298158 
0.600000, 1.735013, 1.304635, 1.740397, 1.299316 
0.610000, 1.734382, 1.305376, 1.739819, 1.300453 
0.620000, 1.733744, 1.306108, 1.739233, 1.301568 
0.630000, 1.733098, 1.306833, 1.738639, 1.302660 
0.640000, 1.732445, 1.307550, 1.738039, 1.303729 
0.650000, 1.731785, 1.308260, 1.737432, 1.304774 
0.660000, 1.731118, 1.308961, 1.736817, 1.305795 
0.670000, 1.730444, 1.309655, 1.736196, 1.306791 
0.680000, 1.729763, 1.310340, 1.735570, 1.307762 
0.690000, 1.729076, 1.311018, 1.734937, 1.308707 
0.700000, 1.728381, 1.311687, 1.734298, 1.309627 
0.710000, 1.727681, 1.312348, 1.733653, 1.310522 
0.720000, 1.726974, 1.313002, 1.733002, 1.311391 
0.730000, 1.726261, 1.313646, 1.732346, 1.312234 
0.740000, 1.725542, 1.314283, 1.731684, 1.313053 
0.750000, 1.724817, 1.314911, 1.731017, 1.313846 
0.760000, 1.724086, 1.315531, 1.730344, 1.314614 
0.770000, 1.723349, 1.316143, 1.729667, 1.315358 
0.780000, 1.722607, 1.316746, 1.728984, 1.316077 
0.790000, 1.721859, 1.317341, 1.728297, 1.316773 
0.800000, 1.721106, 1.317928, 1.727605, 1.317445 
0.810000, 1.720348, 1.318506, 1.726908, 1.318095 
0.820000, 1.719585, 1.319075, 1.726206, 1.318723 
0.830000, 1.718816, 1.319636, 1.725500, 1.319329 
0.840000, 1.718043, 1.320189, 1.724790, 1.319914 
0.850000, 1.717265, 1.320733, 1.724074, 1.320478 
0.860000, 1.716483, 1.321268, 1.723355, 1.321024 
0.870000, 1.715696, 1.321795, 1.722631, 1.321550 
0.880000, 1.714905, 1.322313, 1.721902, 1.322058 
0.890000, 1.714109, 1.322823, 1.721169, 1.322548 
0.900000, 1.713309, 1.323324, 1.720432, 1.323022 
0.910000, 1.712505, 1.323816, 1.719691, 1.323480 
0.920000, 1.711698, 1.324300, 1.718946, 1.323922 
0.930000, 1.710886, 1.324775, 1.718196, 1.324350 
0.940000, 1.710071, 1.325242, 1.717443, 1.324764 
0.950000, 1.709253, 1.325700, 1.716685, 1.325166 
0.960000, 1.708430, 1.326150, 1.715923, 1.325554 
0.970000, 1.707605, 1.326591, 1.715157, 1.325931 
0.980000, 1.706776, 1.327023, 1.714388, 1.326297 
0.990000, 1.705944, 1.327447, 1.713614, 1.326653 
1.000000, 1.705109, 1.327862, 1.712836, 1.326999 
1.010000, 1.704272, 1.328269, 1.712055, 1.327336 
1.020000, 1.703431, 1.328667, 1.711269, 1.327665 
1.030000, 1.702588, 1.329057, 1.710480, 1.327986 
1.040000, 1.701742, 1.329438, 1.709687, 1.328299 
1.050000, 1.700894, 1.329810, 1.708891, 1.328606 
1.060000, 1.700043, 1.330175, 1.708090, 1.328906 
1.070000, 1.699190, 1.330531, 1.707286, 1.329201 
1.080000, 1.698335, 1.330878, 1.706479, 1.329490 
1.090000, 1.697478, 1.331217, 1.705668, 1.329775 
1.100000, 1.696619, 1.331548, 1.704854, 1.330055 
1.110000, 1.695758, 1.331870, 1.704036, 1.330330 
1.120000, 1.694895, 1.332184, 1.703215, 1.330602 
1.130000, 1.694030, 1.332490, 1.702390, 1.330870 
1.140000, 1.693164, 1.332787, 1.701563, 1.331134 
1.150000, 1.692297, 1.333077, 1.700732, 1.331396 
1.160000, 1.691428, 1.333358, 1.699899, 1.331655 
1.170000, 1.690557, 1.333631, 1.699062, 1.331910 
1.180000, 1.689686, 1.333896, 1.698222, 1.332163 
1.190000, 1.688813, 1.334152, 1.697380, 1.332414 
1.200000, 1.687939, 1.334401, 1.696535, 1.332662 
1.210000, 1.687064, 1.334642, 1.695687, 1.332908 
1.220000, 1.686189, 1.334875, 1.694837, 1.333151 
1.230000, 1.685312, 1.335100, 1.693984, 1.333392 
1.240000, 1.684435, 1.335317, 1.693129, 1.333630 
1.250000, 1.683557, 1.335526, 1.692272, 1.333866 
1.260000, 1.682679, 1.335727, 1.691412, 1.334100 
1.270000, 1.681800, 1.335921, 1.690551, 1.334331 
1.280000, 1.680921, 1.336107, 1.689687, 1.334559 
1.290000, 1.680042, 1.336285, 1.688822, 1.334784 
1.300000, 1.679162, 1.336456, 1.687955, 1.335006 
1.310000, 1.678282, 1.336619, 1.687086, 1.335226 
1.320000, 1.677402, 1.336774, 1.686216, 1.335442 
1.330000, 1.676522, 1.336922, 1.685344, 1.335654 
1.340000, 1.675642, 1.337063, 1.684471, 1.335863 
1.350000, 1.674762, 1.337196, 1.683597, 1.336068 
1.360000, 1.673882, 1.337322, 1.682722, 1.336269 
1.370000, 1.673003, 1.337440, 1.681845, 1.336466 
1.380000, 1.672123, 1.337551, 1.680968, 1.336659 
1.390000, 1.671244, 1.337655, 1.680090, 1.336847 
1.400000, 1.670366, 1.337752, 1.679211, 1.337030 
1.410000, 1.669488, 1.337842, 1.678332, 1.337208 
1.420000, 1.668611, 1.337925, 1.677452, 1.337381 
1.430000, 1.667734, 1.338001, 1.676572, 1.337548 
1.440000, 1.666858, 1.338070, 1.675692, 1.337710 
1.450000, 1.665982, 1.338132, 1.674811, 1.337866 
1.460000, 1.665108, 1.338187, 1.673931, 1.338016 
1.470000, 1.664234, 1.338235, 1.673050, 1.338160 
1.480000, 1.663361, 1.338277, 1.672169, 1.338297 
1.490000, 1.662489, 1.338312, 1.671289, 1.338427 
1.500000, 1.661618, 1.338340, 1.670409, 1.338551 
1.510000, 1.660749, 1.338362, 1.669530, 1.338668 
1.520000, 1.659880, 1.338377, 1.668651, 1.338778 
1.530000, 1.659012, 1.338386, 1.667772, 1.338881 
1.540000, 1.658146, 1.338388, 1.666895, 1.338976 
1.550000, 1.657280, 1.338384, 1.666018, 1.339064 
1.560000, 1.656416, 1.338374, 1.665141, 1.339144 
1.570000, 1.655554, 1.338357, 1.664266, 1.339217 
1.580000, 1.654692, 1.338335, 1.663392, 1.339282 
1.590000, 1.653833, 1.338306, 1.662518, 1.339339 
1.600000, 1.652974, 1.338271, 1.661646, 1.339388 
1.610000, 1.652117, 1.338230, 1.660775, 1.339430 
1.620000, 1.651262, 1.338183, 1.659906, 1.339463 
1.630000, 1.650408, 1.338130, 1.659037, 1.339488 
1.640000, 1.649556, 1.338071, 1.658170, 1.339505 
1.650000, 1.648705, 1.338007, 1.657304, 1.339515 
1.660000, 1.647856, 1.337936, 1.656440, 1.339516 
1.670000, 1.647009, 1.337860, 1.655578, 1.339509 
1.680000, 1.646163, 1.337779, 1.654717, 1.339494 
1.690000, 1.645319, 1.337691, 1.653857, 1.339471 
1.700000, 1.644477, 1.337598, 1.652999, 1.339441 
1.710000, 1.643637, 1.337500, 1.652143, 1.339402 
1.720000, 1.642798, 1.337396, 1.651289, 1.339356 
1.730000, 1.641962, 1.337287, 1.650436, 1.339302 
1.740000, 1.641127, 1.337173, 1.649585, 1.339240 
1.750000, 1.640295, 1.337053, 1.648736, 1.339171 
1.760000, 1.639464, 1.336928, 1.647889, 1.339094 
1.770000, 1.638635, 1.336798, 1.647044, 1.339010 
1.780000, 1.637808, 1.336662, 1.646200, 1.338919 
1.790000, 1.636984, 1.336522, 1.645359, 1.338820 
1.800000, 1.636161, 1.336377, 1.644519, 1.338715 
1.810000, 1.635340, 1.336226, 1.643682, 1.338602 
1.820000, 1.634522, 1.336071, 1.642847, 1.338483 
1.830000, 1.633706, 1.335911, 1.642013, 1.338357 
1.840000, 1.632891, 1.335746, 1.641182, 1.338225 
1.850000, 1.632079, 1.335577, 1.640352, 1.338086 
1.860000, 1.631269, 1.335402, 1.639525, 1.337941 
1.870000, 1.630461, 1.335223, 1.638700, 1.337790 
1.880000, 1.629656, 1.335040, 1.637877, 1.337633 
1.890000, 1.628852, 1.334851, 1.637056, 1.337470 
1.900000, 1.628051, 1.334659, 1.636237, 1.337301 
1.910000, 1.627252, 1.334462, 1.635420, 1.337127 
1.920000, 1.626455, 1.334260, 1.634606, 1.336947 
1.930000, 1.625661, 1.334054, 1.633793, 1.336763 
1.940000, 1.624869, 1.333844, 1.632983, 1.336573 
1.950000, 1.624079, 1.333629, 1.632175, 1.336378 
1.960000, 1.623291, 1.333411, 1.631369, 1.336178 
1.970000, 1.622506, 1.333188, 1.630565, 1.335973 
1.980000, 1.621723, 1.332961, 1.629763, 1.335764 
1.990000, 1.620942, 1.332730, 1.628963, 1.335550 
2.000000, 1.620164, 1.332495, 1.628166, 1.335332 
2.010000, 1.619388, 1.332256, 1.627371, 1.335110 
2.020000, 1.618614, 1.332013, 1.626578, 1.334884 
2.030000, 1.617843, 1.331766, 1.625787, 1.334653 
2.040000, 1.617074, 1.331515, 1.624998, 1.334419 
2.050000, 1.616307, 1.331261, 1.624212, 1.334180 
2.060000, 1.615543, 1.331003, 1.623428, 1.333938 
2.070000, 1.614781, 1.330741, 1.622646, 1.333693 
2.080000, 1.614021, 1.330475, 1.621866, 1.333444 
2.090000, 1.613264, 1.330206, 1.621088, 1.333191 
2.100000, 1.612509, 1.329933, 1.620313, 1.332935 
2.110000, 1.611757, 1.329657, 1.619540, 1.332676 
2.120000, 1.611007, 1.329377, 1.618769, 1.332413 
2.130000, 1.610259, 1.329094, 1.618000, 1.332148 
2.140000, 1.609514, 1.328807, 1.617233, 1.331879 
2.150000, 1.608771, 1.328517, 1.616469, 1.331607 
2.160000, 1.608031, 1.328224, 1.615707, 1.331332 
2.170000, 1.607292, 1.327927, 1.614947, 1.331055 
2.180000, 1.606557, 1.327627, 1.614190, 1.330774 
2.190000, 1.605823, 1.327324, 1.613434, 1.330491 
2.200000, 1.605092, 1.327018, 1.612681, 1.330204 
2.210000, 1.604364, 1.326708, 1.611930, 1.329916 
2.220000, 1.603637, 1.326396, 1.611182, 1.329624 
2.230000, 1.602914, 1.326080, 1.610435, 1.329329 
2.240000, 1.602192, 1.325762, 1.609691, 1.329032 
2.250000, 1.601473, 1.325441, 1.608950, 1.328733 
2.260000, 1.600756, 1.325116, 1.608210, 1.328430 
2.270000, 1.600042, 1.324789, 1.607473, 1.328126 
2.280000, 1.599330, 1.324459, 1.606738, 1.327818 
2.290000, 1.598620, 1.324126, 1.606005, 1.327508 
2.300000, 1.597913, 1.323790, 1.605275, 1.327195 
2.310000, 1.597208, 1.323452, 1.604547, 1.326880 
2.320000, 1.596505, 1.323110, 1.603821, 1.326563 
2.330000, 1.595804, 1.322767, 1.603097, 1.326243 
2.340000, 1.595106, 1.322420, 1.602376, 1.325920 
2.350000, 1.594411, 1.322071, 1.601657, 1.325595 
2.360000, 1.593717, 1.321719, 1.600940, 1.325267 
2.370000, 1.593026, 1.321365, 1.600226, 1.324937 
2.380000, 1.592337, 1.321008, 1.599513, 1.324605 
2.390000, 1.591651, 1.320649, 1.598804, 1.324270 
2.400000, 1.590966, 1.320288, 1.598096, 1.323932 
2.410000, 1.590284, 1.319923, 1.597391, 1.323593 
2.420000, 1.589604, 1.319557, 1.596688, 1.323250 
2.430000, 1.588927, 1.319188, 1.595987, 1.322906 
2.440000, 1.588251, 1.318817, 1.595288, 1.322558 
2.450000, 1.587578, 1.318444, 1.594592, 1.322209 
2.460000, 1.586907, 1.318068, 1.593898, 1.321857 
2.470000, 1.586239, 1.317691, 1.593207, 1.321502 
2.480000, 1.585572, 1.317311, 1.592517, 1.321146 
2.490000, 1.584908, 1.316928, 1.591830, 1.320786 
2.500000, 1.584246, 1.316544, 1.591145, 1.320425 
2.510000, 1.583586, 1.316158, 1.590463, 1.320061 
2.520000, 1.582928, 1.315769, 1.589782, 1.319695 
2.530000, 1.582272, 1.315379, 1.589104, 1.319326 
2.540000, 1.581619, 1.314986, 1.588428, 1.318955 
2.550000, 1.580967, 1.314592, 1.587755, 1.318582 
2.560000, 1.580318, 1.314195, 1.587083, 1.318206 
2.570000, 1.579671, 1.313797, 1.586414, 1.317828 
2.580000, 1.579026, 1.313397, 1.585747, 1.317448 
2.590000, 1.578383, 1.312995, 1.585082, 1.317066 
2.600000, 1.577742, 1.312590, 1.584419, 1.316681 
2.610000, 1.577103, 1.312185, 1.583759, 1.316294 
2.620000, 1.576466, 1.311777, 1.583100, 1.315905 
2.630000, 1.575831, 1.311368, 1.582444, 1.315514 
2.640000, 1.575198, 1.310956, 1.581790, 1.315121 
2.650000, 1.574568, 1.310544, 1.581138, 1.314725 
2.660000, 1.573939, 1.310129, 1.580489, 1.314328 
2.670000, 1.573312, 1.309713, 1.579841, 1.313928 
2.680000, 1.572687, 1.309295, 1.579195, 1.313527 
2.690000, 1.572064, 1.308875, 1.578552, 1.313123 
2.700000, 1.571443, 1.308454, 1.577911, 1.312717 
2.710000, 1.570824, 1.308032, 1.577271, 1.312310 
2.720000, 1.570207, 1.307607, 1.576634, 1.311900 
2.730000, 1.569591, 1.307182, 1.575999, 1.311489 
2.740000, 1.568978, 1.306754, 1.575366, 1.311075 
2.750000, 1.568366, 1.306325, 1.574734, 1.310660 
2.760000, 1.567757, 1.305895, 1.574105, 1.310243 
2.770000, 1.567149, 1.305464, 1.573478, 1.309825 
2.780000, 1.566543, 1.305030, 1.572853, 1.309404 
2.790000, 1.565939, 1.304596, 1.572230, 1.308982 
2.800000, 1.565336, 1.304160, 1.571608, 1.308558 
2.810000, 1.564736, 1.303723, 1.570989, 1.308133 
2.820000, 1.564137, 1.303284, 1.570371, 1.307706 
2.830000, 1.563540, 1.302844, 1.569756, 1.307277 
2.840000, 1.562944, 1.302403, 1.569142, 1.306847 
2.850000, 1.562351, 1.301961, 1.568530, 1.306415 
2.860000, 1.561759, 1.301517, 1.567920, 1.305981 
2.870000, 1.561168, 1.301072, 1.567312, 1.305547 
2.880000, 1.560580, 1.300626, 1.566706, 1.305110 
2.890000, 1.559993, 1.300178, 1.566101, 1.304673 
2.900000, 1.559408, 1.299730, 1.565499, 1.304234 
2.910000, 1.558824, 1.299280, 1.564898, 1.303793 
2.920000, 1.558242, 1.298829, 1.564299, 1.303352 
2.930000, 1.557662, 1.298377, 1.563701, 1.302909 
2.940000, 1.557083, 1.297924, 1.563106, 1.302464 
2.950000, 1.556506, 1.297470, 1.562512, 1.302019 
2.960000, 1.555930, 1.297014, 1.561919, 1.301572 
2.970000, 1.555356, 1.296558, 1.561329, 1.301124 
2.980000, 1.554783, 1.296101, 1.560740, 1.300675 
2.990000, 1.554212, 1.295642, 1.560153, 1.300225 
3.000000, 1.553642, 1.295183, 1.559567, 1.299774 
3.010000, 1.553074, 1.294722, 1.558983, 1.299321 
3.020000, 1.552508, 1.294261, 1.558401, 1.298868 
3.030000, 1.551942, 1.293799, 1.557820, 1.298413 
3.040000, 1.551379, 1.293335, 1.557241, 1.297958 
3.050000, 1.550816, 1.292871, 1.556663, 1.297501 
3.060000, 1.550255, 1.292406, 1.556087, 1.297043 
3.070000, 1.549696, 1.291940, 1.555513, 1.296585 
3.080000, 1.549138, 1.291473, 1.554940, 1.296125 
3.090000, 1.548581, 1.291005, 1.554368, 1.295665 
3.100000, 1.548025, 1.290537, 1.553798, 1.295204 
3.110000, 1.547471, 1.290067, 1.553229, 1.294742 
3.120000, 1.546918, 1.289597, 1.552662, 1.294278 
3.130000, 1.546367, 1.289126, 1.552097, 1.293815 
3.140000, 1.545817, 1.288654, 1.551532, 1.293350 
3.150000, 1.545268, 1.288181, 1.550969, 1.292884 
3.160000, 1.544720, 1.287708, 1.550408, 1.292418 
3.170000, 1.544173, 1.287233, 1.549848, 1.291951 
3.180000, 1.543628, 1.286759, 1.549289, 1.291483 
3.190000, 1.543084, 1.286283, 1.548732, 1.291014 
3.200000, 1.542541, 1.285806, 1.548176, 1.290544 
3.210000, 1.541999, 1.285329, 1.547621, 1.290074 
3.220000, 1.541458, 1.284852, 1.547068, 1.289603 
3.230000, 1.540919, 1.284373, 1.546516, 1.289131 
3.240000, 1.540380, 1.283894, 1.545965, 1.288659 
3.250000, 1.539843, 1.283414, 1.545415, 1.288185 
3.260000, 1.539307, 1.282934, 1.544867, 1.287712 
3.270000, 1.538772, 1.282453, 1.544319, 1.287237 
3.280000, 1.538238, 1.281971, 1.543774, 1.286762 
3.290000, 1.537705, 1.281489, 1.543229, 1.286286 
3.300000, 1.537173, 1.281006, 1.542685, 1.285809 
3.310000, 1.536642, 1.280523, 1.542143, 1.285332 
3.320000, 1.536112, 1.280039, 1.541601, 1.284854 
3.330000, 1.535583, 1.279554, 1.541061, 1.284376 
3.340000, 1.535055, 1.279069, 1.540522, 1.283897 
3.350000, 1.534527, 1.278584, 1.539984, 1.283417 
3.360000, 1.534001, 1.278098, 1.539447, 1.282937 
3.370000, 1.533476, 1.277611, 1.538912, 1.282456 
3.380000, 1.532952, 1.277124, 1.538377, 1.281975 
3.390000, 1.532428, 1.276636, 1.537843, 1.281493 
3.400000, 1.531905, 1.276148, 1.537311, 1.281010 
3.410000, 1.531383, 1.275660, 1.536779, 1.280527 
3.420000, 1.530862, 1.275171, 1.536248, 1.280044 
3.430000, 1.530342, 1.274681, 1.535719, 1.279560 
3.440000, 1.529823, 1.274191, 1.535190, 1.279075 
3.450000, 1.529304, 1.273701, 1.534662, 1.278590 
3.460000, 1.528786, 1.273210, 1.534135, 1.278104 
3.470000, 1.528269, 1.272719, 1.533609, 1.277618 
3.480000, 1.527753, 1.272228, 1.533084, 1.277131 
3.490000, 1.527237, 1.271736, 1.532560, 1.276644 
3.500000, 1.526722, 1.271244, 1.532037, 1.276156 
3.510000, 1.526208, 1.270751, 1.531514, 1.275668 
3.520000, 1.525695, 1.270258, 1.530992, 1.275180 
3.530000, 1.525182, 1.269765, 1.530472, 1.274691 
3.540000, 1.524669, 1.269271, 1.529952, 1.274201 
3.550000, 1.524158, 1.268777, 1.529432, 1.273711 
3.560000, 1.523647, 1.268283, 1.528914, 1.273221 
3.570000, 1.523136, 1.267788, 1.528396, 1.272730 
3.580000, 1.522626, 1.267293, 1.527879, 1.272239 
3.590000, 1.522117, 1.266798, 1.527363, 1.271748 
3.600000, 1.521608, 1.266302, 1.526847, 1.271256 
3.610000, 1.521100, 1.265807, 1.526332, 1.270764 
3.620000, 1.520592, 1.265311, 1.525818, 1.270271 
3.630000, 1.520085, 1.264814, 1.525305, 1.269778 
3.640000, 1.519578, 1.264318, 1.524792, 1.269285 
3.650000, 1.519071, 1.263821, 1.524280, 1.268791 
3.660000, 1.518565, 1.263324, 1.523768, 1.268297 
3.670000, 1.518060, 1.262827, 1.523257, 1.267803 
3.680000, 1.517555, 1.262329, 1.522746, 1.267308 
3.690000, 1.517050, 1.261832, 1.522236, 1.266814 
3.700000, 1.516546, 1.261334, 1.521727, 1.266318 
3.710000, 1.516042, 1.260836, 1.521218, 1.265823 
3.720000, 1.515538, 1.260338, 1.520710, 1.265327 
3.730000, 1.515035, 1.259839, 1.520202, 1.264831 
3.740000, 1.514532, 1.259341, 1.519694, 1.264335 
3.750000, 1.514029, 1.258842, 1.519187, 1.263839 
3.760000, 1.513527, 1.258343, 1.518681, 1.263342 
3.770000, 1.513025, 1.257844, 1.518175, 1.262845 
3.780000, 1.512523, 1.257345, 1.517669, 1.262348 
3.790000, 1.512022, 1.256846, 1.517164, 1.261850 
3.800000, 1.511520, 1.256347, 1.516659, 1.261353 
3.810000, 1.511019, 1.255847, 1.516155, 1.260855 
3.820000, 1.510518, 1.255348, 1.515651, 1.260357 
3.830000, 1.510017, 1.254848, 1.515147, 1.259859 
3.840000, 1.509516, 1.254349, 1.514643, 1.259361 
3.850000, 1.509016, 1.253849, 1.514140, 1.258863 
3.860000, 1.508515, 1.253349, 1.513637, 1.258364 
3.870000, 1.508015, 1.252849, 1.513135, 1.257865 
3.880000, 1.507515, 1.252349, 1.512632, 1.257367 
3.890000, 1.507015, 1.251849, 1.512130, 1.256868 
3.900000, 1.506515, 1.251350, 1.511628, 1.256369 
3.910000, 1.506015, 1.250850, 1.511127, 1.255870 
3.920000, 1.505515, 1.250350, 1.510625, 1.255370 
3.930000, 1.505015, 1.249850, 1.510124, 1.254871 
3.940000, 1.504515, 1.249350, 1.509623, 1.254372 
3.950000, 1.504015, 1.248850, 1.509122, 1.253872 
3.960000, 1.503515, 1.248350, 1.508621, 1.253373 
3.970000, 1.503014, 1.247850, 1.508120, 1.252874 
3.980000, 1.502514, 1.247350, 1.507619, 1.252374 
3.990000, 1.502014, 1.246850, 1.507119, 1.251874 
4.000000, 1.501514, 1.246350, 1.506618, 1.251375 
4.010000, 1.501013, 1.245850, 1.506117, 1.250875 
4.020000, 1.500513, 1.245351, 1.505617, 1.250376 
4.030000, 1.500012, 1.244851, 1.505116, 1.249876 
4.040000, 1.499511, 1.244351, 1.504616, 1.249376 
4.050000, 1.499010, 1.243852, 1.504115, 1.248877 
4.060000, 1.498508, 1.243353, 1.503615, 1.248377 
4.070000, 1.498007, 1.242853, 1.503114, 1.247878 
4.080000, 1.497505, 1.242354, 1.502614, 1.247378 
4.090000, 1.497003, 1.241855, 1.502113, 1.246879 
4.100000, 1.496501, 1.241356, 1.501612, 1.246379 
4.110000, 1.495998, 1.240858, 1.501111, 1.245880 
4.120000, 1.495495, 1.240359, 1.500610, 1.245381 
4.130000, 1.494992, 1.239861, 1.500109, 1.244882 
4.140000, 1.494489, 1.239362, 1.499608, 1.244382 
4.150000, 1.493985, 1.238864, 1.499106, 1.243883 
4.160000, 1.493481, 1.238367, 1.498604, 1.243385 
4.170000, 1.492976, 1.237869, 1.498102, 1.242886 
4.180000, 1.492471, 1.237371, 1.497600, 1.242387 
4.190000, 1.491966, 1.236874, 1.497098, 1.241889 
4.200000, 1.491460, 1.236377, 1.496595, 1.241390 
4.210000, 1.490954, 1.235880, 1.496092, 1.240892 
4.220000, 1.490448, 1.235383, 1.495589, 1.240394 
4.230000, 1.489940, 1.234887, 1.495085, 1.239896 
4.240000, 1.489433, 1.234391, 1.494581, 1.239398 
4.250000, 1.488925, 1.233895, 1.494077, 1.238900 
4.260000, 1.488416, 1.233399, 1.493573, 1.238403 
4.270000, 1.487907, 1.232904, 1.493068, 1.237906 
4.280000, 1.487397, 1.232409, 1.492562, 1.237409 
4.290000, 1.486887, 1.231914, 1.492057, 1.236912 
4.300000, 1.486376, 1.231420, 1.491550, 1.236415 
4.310000, 1.485865, 1.230926, 1.491044, 1.235919 
4.320000, 1.485353, 1.230432, 1.490537, 1.235422 
4.330000, 1.484840, 1.229938, 1.490029, 1.234927 
4.340000, 1.484327, 1.229445, 1.489521, 1.234431 
4.350000, 1.483813, 1.228952, 1.489013, 1.233935 
4.360000, 1.483298, 1.228460, 1.488504, 1.233440 
4.370000, 1.482783, 1.227968, 1.487994, 1.232945 
4.380000, 1.482267, 1.227476, 1.487484, 1.232451 
4.390000, 1.481750, 1.226985, 1.486974, 1.231956 
4.400000, 1.481232, 1.226494, 1.486463, 1.231462 
4.410000, 1.480714, 1.226004, 1.485951, 1.230968 
4.420000, 1.480195, 1.225514, 1.485438, 1.230475 
4.430000, 1.479675, 1.225024, 1.484925, 1.229982 
4.440000, 1.479154, 1.224535, 1.484412, 1.229489 
4.450000, 1.478633, 1.224046, 1.483897, 1.228997 
4.460000, 1.478110, 1.223558, 1.483382, 1.228504 
4.470000, 1.477587, 1.223070, 1.482867, 1.228013 
4.480000, 1.477063, 1.222583, 1.482350, 1.227521 
4.490000, 1.476538, 1.222096, 1.481833, 1.227030 
4.500000, 1.476012, 1.221610, 1.481315, 1.226540 
4.510000, 1.475486, 1.221124, 1.480797, 1.226049 
4.520000, 1.474958, 1.220639, 1.480277, 1.225560 
4.530000, 1.474429, 1.220154, 1.479757, 1.225070 
4.540000, 1.473900, 1.219670, 1.479236, 1.224581 
4.550000, 1.473369, 1.219186, 1.478714, 1.224093 
4.560000, 1.472837, 1.218703, 1.478192, 1.223605 
4.570000, 1.472305, 1.218221, 1.477668, 1.223117 
4.580000, 1.471771, 1.217739, 1.477144, 1.222630 
4.590000, 1.471236, 1.217258, 1.476619, 1.222143 
4.600000, 1.470701, 1.216777, 1.476093, 1.221657 
4.610000, 1.470164, 1.216297, 1.475566, 1.221172 
4.620000, 1.469626, 1.215818, 1.475038, 1.220686 
4.630000, 1.469087, 1.215339, 1.474509, 1.220202 
4.640000, 1.468547, 1.214861, 1.473979, 1.219718 
4.650000, 1.468005, 1.214383, 1.473448, 1.219234 
4.660000, 1.467463, 1.213907, 1.472916, 1.218751 
4.670000, 1.466919, 1.213431, 1.472383, 1.218269 
4.680000, 1.466374, 1.212956, 1.471849, 1.217787 
4.690000, 1.465828, 1.212481, 1.471314, 1.217305 
4.700000, 1.465281, 1.212007, 1.470778, 1.216825 
4.710000, 1.464732, 1.211534, 1.470241, 1.216345 
4.720000, 1.464183, 1.211062, 1.469703, 1.215865 
4.730000, 1.463632, 1.210591, 1.469164, 1.215387 
4.740000, 1.463079, 1.210120, 1.468624, 1.214908 
4.750000, 1.462526, 1.209650, 1.468082, 1.214431 
4.760000, 1.461971, 1.209181, 1.467539, 1.213954 
4.770000, 1.461414, 1.208713, 1.466996, 1.213478 
4.780000, 1.460857, 1.208246, 1.466450, 1.213003 
4.790000, 1.460298, 1.207780, 1.465904, 1.212528 
4.800000, 1.459737, 1.207314, 1.465357, 1.212054 
4.810000, 1.459176, 1.206849, 1.464808, 1.211581 
4.820000, 1.458612, 1.206386, 1.464258, 1.211108 
4.830000, 1.458048, 1.205923, 1.463707, 1.210637 
4.840000, 1.457482, 1.205461, 1.463154, 1.210166 
4.850000, 1.456914, 1.205000, 1.462601, 1.209696 
4.860000, 1.456345, 1.204541, 1.462046, 1.209226 
4.870000, 1.455775, 1.204082, 1.461489, 1.208758 
4.880000, 1.455203, 1.203624, 1.460931, 1.208290 
4.890000, 1.454629, 1.203167, 1.460372, 1.207823 
4.900000, 1.454054, 1.202711, 1.459812, 1.207358 
4.910000, 1.453477, 1.202257, 1.459250, 1.206893 
4.920000, 1.452899, 1.201803, 1.458686, 1.206428 
4.930000, 1.452320, 1.201351, 1.458122, 1.205965 
4.940000, 1.451738, 1.200899, 1.457556, 1.205503 
4.950000, 1.451155, 1.200449, 1.456988, 1.205042 
4.960000, 1.450571, 1.200000, 1.456419, 1.204581 
4.970000, 1.449984, 1.199552, 1.455848, 1.204122 
4.980000, 1.449396, 1.199106, 1.455276, 1.203663 
4.990000, 1.448807, 1.198660, 1.454703, 1.203206 
5.000000, 1.448216, 1.198216, 1.454127, 1.202750 
5.010000, 1.447623, 1.197773, 1.453551, 1.202294 
5.020000, 1.447028, 1.197331, 1.452973, 1.201840 
5.030000, 1.446431, 1.196891, 1.452393, 1.201387 
5.040000, 1.445833, 1.196452, 1.451811, 1.200935 
5.050000, 1.445233, 1.196014, 1.451228, 1.200484 
5.060000, 1.444632, 1.195577, 1.450644, 1.200034 
5.070000, 1.444028, 1.195142, 1.450057, 1.199585 
5.080000, 1.443423, 1.194709, 1.449469, 1.199137 
5.090000, 1.442816, 1.194276, 1.448880, 1.198691 
5.100000, 1.442207, 1.193846, 1.448289, 1.198246 
5.110000, 1.441596, 1.193416, 1.447696, 1.197802 
5.120000, 1.440983, 1.192988, 1.447101, 1.197359 
5.130000, 1.440369, 1.192562, 1.446504, 1.196918 
5.140000, 1.439752, 1.192137, 1.445906, 1.196477 
5.150000, 1.439134, 1.191714, 1.445306, 1.196039 
5.160000, 1.438514, 1.191292, 1.444705, 1.195601 
5.170000, 1.437892, 1.190872, 1.444101, 1.195165 
5.180000, 1.437267, 1.190453, 1.443496, 1.194730 
5.190000, 1.436641, 1.190036, 1.442889, 1.194296 
5.200000, 1.436013, 1.189621, 1.442280, 1.193864 
5.210000, 1.435383, 1.189208, 1.441668, 1.193435 
5.220000, 1.434751, 1.188796, 1.441052, 1.193007 
5.230000, 1.434117, 1.188386, 1.440434, 1.192582 
5.240000, 1.433481, 1.187977, 1.439814, 1.192158 
5.250000, 1.432843, 1.187571, 1.439192, 1.191736 
5.260000, 1.432203, 1.187166, 1.438569, 1.191315 
5.270000, 1.431561, 1.186763, 1.437943, 1.190896 
5.280000, 1.430916, 1.186362, 1.437316, 1.190479 
5.290000, 1.430270, 1.185963, 1.436687, 1.190063 
5.300000, 1.429622, 1.185566, 1.436056, 1.189648 
5.310000, 1.428971, 1.185171, 1.435424, 1.189235 
5.320000, 1.428318, 1.184777, 1.434789, 1.188824 
5.330000, 1.427664, 1.184386, 1.434154, 1.188414 
5.340000, 1.427007, 1.183997, 1.433516, 1.188005 
5.350000, 1.426347, 1.183610, 1.432877, 1.187599 
5.360000, 1.425686, 1.183224, 1.432235, 1.187194 
5.370000, 1.425023, 1.182841, 1.431592, 1.186791 
5.380000, 1.424357, 1.182461, 1.430947, 1.186389 
5.390000, 1.423689, 1.182082, 1.430300, 1.185989 
5.400000, 1.423019, 1.181705, 1.429651, 1.185591 
5.410000, 1.422347, 1.181331, 1.429000, 1.185195 
5.420000, 1.421673, 1.180959, 1.428347, 1.184801 
5.430000, 1.420996, 1.180589, 1.427692, 1.184409 
5.440000, 1.420317, 1.180222, 1.427035, 1.184018 
5.450000, 1.419636, 1.179857, 1.426376, 1.183630 
5.460000, 1.418952, 1.179495, 1.425715, 1.183243 
5.470000, 1.418267, 1.179134, 1.425051, 1.182859 
5.480000, 1.417579, 1.178777, 1.424386, 1.182476 
5.490000, 1.416889, 1.178421, 1.423718, 1.182096 
5.500000, 1.416196, 1.178069, 1.423049, 1.181718 
5.510000, 1.415501, 1.177719, 1.422377, 1.181341 
5.520000, 1.414804, 1.177371, 1.421703, 1.180967 
5.530000, 1.414105, 1.177026, 1.421026, 1.180596 
5.540000, 1.413403, 1.176684, 1.420348, 1.180226 
5.550000, 1.412699, 1.176344, 1.419667, 1.179859 
5.560000, 1.411992, 1.176008, 1.418984, 1.179494 
5.570000, 1.411283, 1.175673, 1.418299, 1.179131 
5.580000, 1.410572, 1.175342, 1.417611, 1.178771 
5.590000, 1.409859, 1.175014, 1.416921, 1.178413 
5.600000, 1.409143, 1.174688, 1.416230, 1.178057 
5.610000, 1.408425, 1.174366, 1.415536, 1.177703 
5.620000, 1.407704, 1.174046, 1.414840, 1.177352 
5.630000, 1.406981, 1.173729, 1.414141, 1.177004 
5.640000, 1.406256, 1.173416, 1.413440, 1.176659 
5.650000, 1.405528, 1.173105, 1.412736, 1.176316 
5.660000, 1.404798, 1.172798, 1.412031, 1.175975 
5.670000, 1.404066, 1.172493, 1.411325, 1.175636 
5.680000, 1.403331, 1.172192, 1.410616, 1.175299 
5.690000, 1.402594, 1.171894, 1.409906, 1.174965 
5.700000, 1.401854, 1.171599, 1.409194, 1.174633 
5.710000, 1.401112, 1.171308, 1.408479, 1.174305 
5.720000, 1.400368, 1.171020, 1.407762, 1.173978 
5.730000, 1.399621, 1.170735, 1.407043, 1.173655 
5.740000, 1.398872, 1.170454, 1.406320, 1.173335 
5.750000, 1.398121, 1.170177, 1.405596, 1.173018 
5.760000, 1.397367, 1.169902, 1.404868, 1.172703 
5.770000, 1.396611, 1.169632, 1.404139, 1.172392 
5.780000, 1.395852, 1.169365, 1.403406, 1.172084 
5.790000, 1.395091, 1.169101, 1.402671, 1.171780 
5.800000, 1.394328, 1.168842, 1.401934, 1.171478 
5.810000, 1.393562, 1.168586, 1.401194, 1.171180 
5.820000, 1.392794, 1.168333, 1.400452, 1.170885 
5.830000, 1.392024, 1.168085, 1.399707, 1.170594 
5.840000, 1.391251, 1.167840, 1.398959, 1.170306 
5.850000, 1.390476, 1.167600, 1.398209, 1.170021 
5.860000, 1.389698, 1.167363, 1.397457, 1.169740 
5.870000, 1.388919, 1.167131, 1.396702, 1.169463 
5.880000, 1.388137, 1.166902, 1.395944, 1.169189 
5.890000, 1.387352, 1.166677, 1.395185, 1.168919 
5.900000, 1.386565, 1.166457, 1.394423, 1.168652 
5.910000, 1.385776, 1.166241, 1.393658, 1.168390 
5.920000, 1.384985, 1.166029, 1.392891, 1.168131 
5.930000, 1.384192, 1.165821, 1.392122, 1.167875 
5.940000, 1.383396, 1.165618, 1.391350, 1.167624 
5.950000, 1.382598, 1.165419, 1.390576, 1.167377 
5.960000, 1.381797, 1.165225, 1.389799, 1.167133 
5.970000, 1.380995, 1.165035, 1.389020, 1.166894 
5.980000, 1.380190, 1.164849, 1.388239, 1.166658 
5.990000, 1.379383, 1.164669, 1.387456, 1.166427 
6.000000, 1.378574, 1.164492, 1.386670, 1.166200 
6.010000, 1.377763, 1.164321, 1.385882, 1.165977 
6.020000, 1.376949, 1.164154, 1.385092, 1.165758 
6.030000, 1.376134, 1.163992, 1.384299, 1.165543 
6.040000, 1.375316, 1.163835, 1.383504, 1.165333 
6.050000, 1.374496, 1.163683, 1.382707, 1.165127 
6.060000, 1.373674, 1.163535, 1.381908, 1.164926 
6.070000, 1.372850, 1.163393, 1.381106, 1.164729 
6.080000, 1.372024, 1.163256, 1.380302, 1.164537 
6.090000, 1.371196, 1.163123, 1.379496, 1.164349 
6.100000, 1.370367, 1.162996, 1.378688, 1.164165 
6.110000, 1.369535, 1.162874, 1.377878, 1.163987 
6.120000, 1.368701, 1.162758, 1.377065, 1.163813 
6.130000, 1.367865, 1.162647, 1.376251, 1.163644 
6.140000, 1.367027, 1.162541, 1.375434, 1.163479 
6.150000, 1.366188, 1.162440, 1.374616, 1.163320 
6.160000, 1.365347, 1.162345, 1.373795, 1.163165 
6.170000, 1.364504, 1.162256, 1.372972, 1.163015 
6.180000, 1.363659, 1.162172, 1.372147, 1.162871 
6.190000, 1.362812, 1.162093, 1.371320, 1.162731 
6.200000, 1.361964, 1.162021, 1.370491, 1.162596 
6.210000, 1.361114, 1.161954, 1.369661, 1.162467 
6.220000, 1.360262, 1.161893, 1.368828, 1.162343 
6.230000, 1.359409, 1.161837, 1.367994, 1.162223 
6.240000, 1.358554, 1.161788, 1.367157, 1.162110 
6.250000, 1.357698, 1.161745, 1.366319, 1.162001 
6.260000, 1.356840, 1.161707, 1.365479, 1.161898 
6.270000, 1.355980, 1.161676, 1.364637, 1.161801 
6.280000, 1.355120, 1.161651, 1.363793, 1.161708 
6.290000, 1.354257, 1.161632, 1.362948, 1.161622 
6.300000, 1.353394, 1.161619, 1.362101, 1.161541 
6.310000, 1.352529, 1.161613, 1.361252, 1.161465 
6.320000, 1.351663, 1.161612, 1.360402, 1.161396 
6.330000, 1.350796, 1.161619, 1.359550, 1.161332 
6.340000, 1.349928, 1.161631, 1.358697, 1.161274 
6.350000, 1.349058, 1.161650, 1.357842, 1.161222 
6.360000, 1.348188, 1.161676, 1.356985, 1.161175 
6.370000, 1.347316, 1.161708, 1.356127, 1.161135 
6.380000, 1.346444, 1.161747, 1.355268, 1.161101 
6.390000, 1.345570, 1.161793, 1.354408, 1.161072 
6.400000, 1.344696, 1.161845, 1.353546, 1.161050 
6.410000, 1.343821, 1.161905, 1.352683, 1.161034 
6.420000, 1.342945, 1.161971, 1.351818, 1.161024 
6.430000, 1.342069, 1.162044, 1.350953, 1.161021 
6.440000, 1.341192, 1.162124, 1.350086, 1.161024 
6.450000, 1.340314, 1.162211, 1.349218, 1.161033 
6.460000, 1.339436, 1.162305, 1.348349, 1.161049 
6.470000, 1.338557, 1.162406, 1.347479, 1.161071 
6.480000, 1.337678, 1.162515, 1.346609, 1.161100 
6.490000, 1.336798, 1.162630, 1.345737, 1.161135 
6.500000, 1.335919, 1.162753, 1.344864, 1.161177 
6.510000, 1.335039, 1.162883, 1.343991, 1.161226 
6.520000, 1.334159, 1.163021, 1.343117, 1.161282 
6.530000, 1.333279, 1.163166, 1.342242, 1.161344 
6.540000, 1.332399, 1.163319, 1.341367, 1.161414 
6.550000, 1.331519, 1.163479, 1.340491, 1.161490 
6.560000, 1.330639, 1.163646, 1.339615, 1.161573 
6.570000, 1.329759, 1.163821, 1.338738, 1.161663 
6.580000, 1.328880, 1.164004, 1.337861, 1.161761 
6.590000, 1.328001, 1.164195, 1.336984, 1.161865 
6.600000, 1.327122, 1.164393, 1.336106, 1.161977 
6.610000, 1.326244, 1.164599, 1.335228, 1.162096 
6.620000, 1.325367, 1.164813, 1.334350, 1.162223 
6.630000, 1.324490, 1.165035, 1.333472, 1.162356 
6.640000, 1.323614, 1.165264, 1.332594, 1.162497 
6.650000, 1.322739, 1.165502, 1.331716, 1.162646 
6.660000, 1.321865, 1.165748, 1.330838, 1.162802 
6.670000, 1.320992, 1.166001, 1.329961, 1.162966 
6.680000, 1.320120, 1.166263, 1.329084, 1.163137 
6.690000, 1.319249, 1.166533, 1.328207, 1.163316 
6.700000, 1.318380, 1.166810, 1.327331, 1.163502 
6.710000, 1.317511, 1.167097, 1.326455, 1.163697 
6.720000, 1.316645, 1.167391, 1.325580, 1.163899 
6.730000, 1.315779, 1.167693, 1.324705, 1.164109 
6.740000, 1.314916, 1.168004, 1.323832, 1.164327 
6.750000, 1.314054, 1.168323, 1.322959, 1.164552 
6.760000, 1.313194, 1.168650, 1.322087, 1.164786 
6.770000, 1.312336, 1.168986, 1.321215, 1.165028 
6.780000, 1.311480, 1.169330, 1.320344, 1.165278 
6.790000, 1.310626, 1.169683, 1.319473, 1.165537 
6.800000, 1.309775, 1.170044, 1.318604, 1.165803 
6.810000, 1.308926, 1.170413, 1.317736, 1.166077 
6.820000, 1.308079, 1.170791, 1.316869, 1.166360 
6.830000, 1.307234, 1.171177, 1.316005, 1.166650 
6.840000, 1.306393, 1.171572, 1.315142, 1.166948 
6.850000, 1.305554, 1.171975, 1.314281, 1.167254 
6.860000, 1.304718, 1.172387, 1.313423, 1.167567 
6.870000, 1.303885, 1.172807, 1.312567, 1.167889 
6.880000, 1.303055, 1.173236, 1.311713, 1.168219 
6.890000, 1.302228, 1.173674, 1.310863, 1.168557 
6.900000, 1.301405, 1.174120, 1.310015, 1.168904 
6.910000, 1.300585, 1.174574, 1.309169, 1.169259 
6.920000, 1.299768, 1.175038, 1.308327, 1.169623 
6.930000, 1.298955, 1.175510, 1.307486, 1.169996 
6.940000, 1.298146, 1.175990, 1.306649, 1.170377 
6.950000, 1.297341, 1.176479, 1.305814, 1.170768 
6.960000, 1.296539, 1.176977, 1.304981, 1.171168 
6.970000, 1.295742, 1.177483, 1.304152, 1.171576 
6.980000, 1.294949, 1.177998, 1.303325, 1.171993 
6.990000, 1.294160, 1.178521, 1.302502, 1.172419 
7.000000, 1.293376, 1.179053, 1.301683, 1.172854 
7.010000, 1.292596, 1.179594, 1.300866, 1.173298 
7.020000, 1.291821, 1.180143, 1.300054, 1.173750 
7.030000, 1.291051, 1.180700, 1.299244, 1.174211 
7.040000, 1.290286, 1.181266, 1.298439, 1.174682 
7.050000, 1.289525, 1.181841, 1.297637, 1.175160 
7.060000, 1.288770, 1.182424, 1.296839, 1.175648 
7.070000, 1.288020, 1.183016, 1.296045, 1.176145 
7.080000, 1.287276, 1.183616, 1.295255, 1.176650 
7.090000, 1.286537, 1.184224, 1.294469, 1.177165 
7.100000, 1.285804, 1.184841, 1.293688, 1.177688 
7.110000, 1.285077, 1.185466, 1.292911, 1.178219 
7.120000, 1.284355, 1.186099, 1.292139, 1.178760 
7.130000, 1.283639, 1.186741, 1.291372, 1.179309 
7.140000, 1.282930, 1.187391, 1.290610, 1.179867 
7.150000, 1.282227, 1.188049, 1.289852, 1.180433 
7.160000, 1.281530, 1.188715, 1.289100, 1.181009 
7.170000, 1.280840, 1.189389, 1.288353, 1.181592 
7.180000, 1.280157, 1.190071, 1.287612, 1.182185 
7.190000, 1.279480, 1.190762, 1.286876, 1.182786 
7.200000, 1.278810, 1.191460, 1.286146, 1.183395 
7.210000, 1.278147, 1.192166, 1.285421, 1.184013 
7.220000, 1.277491, 1.192880, 1.284702, 1.184639 
7.230000, 1.276843, 1.193602, 1.283990, 1.185274 
7.240000, 1.276201, 1.194332, 1.283283, 1.185917 
7.250000, 1.275568, 1.195069, 1.282583, 1.186568 
7.260000, 1.274942, 1.195814, 1.281888, 1.187228 
7.270000, 1.274323, 1.196566, 1.281201, 1.187896 
7.280000, 1.273713, 1.197326, 1.280520, 1.188573 
7.290000, 1.273110, 1.198093, 1.279846, 1.189257 
7.300000, 1.272516, 1.198868, 1.279178, 1.189950 
7.310000, 1.271930, 1.199649, 1.278518, 1.190650 
7.320000, 1.271352, 1.200438, 1.277865, 1.191359 
7.330000, 1.270783, 1.201234, 1.277219, 1.192076 
7.340000, 1.270222, 1.202037, 1.276580, 1.192800 
7.350000, 1.269669, 1.202847, 1.275949, 1.193533 
7.360000, 1.269126, 1.203663, 1.275325, 1.194273 
7.370000, 1.268591, 1.204487, 1.274709, 1.195021 
7.380000, 1.268066, 1.205317, 1.274101, 1.195777 
7.390000, 1.267549, 1.206153, 1.273501, 1.196540 
7.400000, 1.267042, 1.206996, 1.272909, 1.197311 
7.410000, 1.266544, 1.207845, 1.272325, 1.198089 
7.420000, 1.266056, 1.208701, 1.271749, 1.198875 
7.430000, 1.265577, 1.209562, 1.271181, 1.199668 
7.440000, 1.265108, 1.210430, 1.270622, 1.200468 
7.450000, 1.264648, 1.211303, 1.270072, 1.201276 
7.460000, 1.264198, 1.212182, 1.269530, 1.202091 
7.470000, 1.263758, 1.213067, 1.268997, 1.202912 
7.480000, 1.263329, 1.213958, 1.268473, 1.203741 
7.490000, 1.262909, 1.214854, 1.267958, 1.204576 
7.500000, 1.262500, 1.215755, 1.267453, 1.205418 
7.510000, 1.262101, 1.216662, 1.266956, 1.206267 
7.520000, 1.261712, 1.217573, 1.266470, 1.207122 
7.530000, 1.261334, 1.218490, 1.265992, 1.207983 
7.540000, 1.260966, 1.219411, 1.265525, 1.208851 
7.550000, 1.260609, 1.220337, 1.265067, 1.209725 
7.560000, 1.260263, 1.221268, 1.264619, 1.210605 
7.570000, 1.259927, 1.222203, 1.264181, 1.211492 
7.580000, 1.259602, 1.223142, 1.263753, 1.212384 
7.590000, 1.259289, 1.224085, 1.263335, 1.213282 
7.600000, 1.258986, 1.225033, 1.262927, 1.214186 
7.610000, 1.258695, 1.225984, 1.262529, 1.215095 
7.620000, 1.258414, 1.226940, 1.262142, 1.216010 
7.630000, 1.258145, 1.227898, 1.261765, 1.216930 
7.640000, 1.257887, 1.228861, 1.261398, 1.217856 
7.650000, 1.257641, 1.229826, 1.261042, 1.218786 
7.660000, 1.257406, 1.230795, 1.260697, 1.219722 
7.670000, 1.257182, 1.231767, 1.260362, 1.220663 
7.680000, 1.256970, 1.232741, 1.260038, 1.221608 
7.690000, 1.256770, 1.233719, 1.259725, 1.222558 
7.700000, 1.256581, 1.234699, 1.259423, 1.223512 
7.710000, 1.256404, 1.235681, 1.259131, 1.224471 
7.720000, 1.256238, 1.236666, 1.258851, 1.225434 
7.730000, 1.256085, 1.237652, 1.258582, 1.226401 
7.740000, 1.255943, 1.238641, 1.258324, 1.227372 
7.750000, 1.255812, 1.239632, 1.258077, 1.228347 
7.760000, 1.255694, 1.240624, 1.257841, 1.229325 
7.770000, 1.255588, 1.241618, 1.257617, 1.230307 
7.780000, 1.255493, 1.242613, 1.257404, 1.231292 
7.790000, 1.255411, 1.243609, 1.257202, 1.232281 
7.800000, 1.255340, 1.244606, 1.257011, 1.233273 
7.810000, 1.255281, 1.245604, 1.256833, 1.234267 
7.820000, 1.255234, 1.246603, 1.256665, 1.235264 
7.830000, 1.255200, 1.247602, 1.256510, 1.236264 
7.840000, 1.255177, 1.248602, 1.256366, 1.237266 
7.850000, 1.255166, 1.249602, 1.256234, 1.238270 
7.860000, 1.255167, 1.250602, 1.256113, 1.239276 
7.870000, 1.255181, 1.251602, 1.256004, 1.240285 
7.880000, 1.255206, 1.252601, 1.255907, 1.241295 
7.890000, 1.255243, 1.253601, 1.255822, 1.242306 
7.900000, 1.255292, 1.254599, 1.255749, 1.243319 
7.910000, 1.255353, 1.255597, 1.255688, 1.244333 
7.920000, 1.255426, 1.256594, 1.255639, 1.245348 
7.930000, 1.255511, 1.257590, 1.255601, 1.246363 
7.940000, 1.255608, 1.258585, 1.255576, 1.247380 
7.950000, 1.255717, 1.259578, 1.255562, 1.248397 
7.960000, 1.255838, 1.260570, 1.255560, 1.249414 
7.970000, 1.255971, 1.261560, 1.255569, 1.250432 
7.980000, 1.256115, 1.262549, 1.255591, 1.251450 
7.990000, 1.256271, 1.263535, 1.255624, 1.252468 
8.000000, 1.256439, 1.264519, 1.255669, 1.253486 
8.010000, 1.256619, 1.265501, 1.255726, 1.254503 
8.020000, 1.256810, 1.266480, 1.255795, 1.255519 
8.030000, 1.257013, 1.267457, 1.255876, 1.256535 
8.040000, 1.257227, 1.268431, 1.255968, 1.257549 
8.050000, 1.257453, 1.269403, 1.256073, 1.258563 
8.060000, 1.257690, 1.270371, 1.256189, 1.259575 
8.070000, 1.257939, 1.271336, 1.256317, 1.260586 
8.080000, 1.258199, 1.272297, 1.256456, 1.261595 
8.090000, 1.258471, 1.273255, 1.256609, 1.262602 
8.100000, 1.258753, 1.274210, 1.256773, 1.263606 
8.110000, 1.259047, 1.275160, 1.256949, 1.264609 
8.120000, 1.259352, 1.276107, 1.257137, 1.265608 
8.130000, 1.259668, 1.277050, 1.257336, 1.266606 
8.140000, 1.259995, 1.277988, 1.257547, 1.267600 
8.150000, 1.260332, 1.278922, 1.257769, 1.268592 
8.160000, 1.260681, 1.279852, 1.258002, 1.269580 
8.170000, 1.261040, 1.280777, 1.258246, 1.270566 
8.180000, 1.261410, 1.281697, 1.258501, 1.271548 
8.190000, 1.261790, 1.282613, 1.258767, 1.272526 
8.200000, 1.262181, 1.283524, 1.259044, 1.273501 
8.210000, 1.262582, 1.284429, 1.259332, 1.274472 
8.220000, 1.262994, 1.285329, 1.259631, 1.275440 
8.230000, 1.263415, 1.286224, 1.259942, 1.276403 
8.240000, 1.263847, 1.287113, 1.260263, 1.277362 
8.250000, 1.264289, 1.287997, 1.260596, 1.278316 
8.260000, 1.264741, 1.288875, 1.260939, 1.279266 
8.270000, 1.265202, 1.289748, 1.261293, 1.280212 
8.280000, 1.265674, 1.290614, 1.261657, 1.281153 
8.290000, 1.266155, 1.291474, 1.262032, 1.282090 
8.300000, 1.266645, 1.292328, 1.262418, 1.283022 
8.310000, 1.267145, 1.293176, 1.262813, 1.283948 
8.320000, 1.267654, 1.294018, 1.263219, 1.284870 
8.330000, 1.268172, 1.294853, 1.263635, 1.285786 
8.340000, 1.268700, 1.295682, 1.264061, 1.286697 
8.350000, 1.269236, 1.296504, 1.264497, 1.287603 
8.360000, 1.269781, 1.297319, 1.264942, 1.288503 
8.370000, 1.270335, 1.298127, 1.265398, 1.289397 
8.380000, 1.270898, 1.298929, 1.265863, 1.290286 
8.390000, 1.271469, 1.299723, 1.266337, 1.291169 
8.400000, 1.272049, 1.300511, 1.266820, 1.292046 
8.410000, 1.272636, 1.301291, 1.267313, 1.292916 
8.420000, 1.273233, 1.302064, 1.267815, 1.293781 
8.430000, 1.273837, 1.302829, 1.268326, 1.294639 
8.440000, 1.274449, 1.303588, 1.268846, 1.295490 
8.450000, 1.275069, 1.304339, 1.269375, 1.296335 
8.460000, 1.275696, 1.305082, 1.269912, 1.297173 
8.470000, 1.276331, 1.305817, 1.270459, 1.298004 
8.480000, 1.276974, 1.306545, 1.271014, 1.298828 
8.490000, 1.277624, 1.307266, 1.271578, 1.299645 
8.500000, 1.278281, 1.307978, 1.272151, 1.300454 
8.510000, 1.278946, 1.308683, 1.272732, 1.301257 
8.520000, 1.279617, 1.309379, 1.273321, 1.302051 
8.530000, 1.280295, 1.310068, 1.273918, 1.302839 
8.540000, 1.280980, 1.310749, 1.274523, 1.303618 
8.550000, 1.281672, 1.311422, 1.275136, 1.304390 
8.560000, 1.282370, 1.312086, 1.275756, 1.305154 
8.570000, 1.283074, 1.312742, 1.276385, 1.305911 
8.580000, 1.283785, 1.313391, 1.277022, 1.306659 
8.590000, 1.284501, 1.314031, 1.277665, 1.307399 
8.600000, 1.285224, 1.314662, 1.278316, 1.308132 
8.610000, 1.285953, 1.315286, 1.278973, 1.308857 
8.620000, 1.286687, 1.315901, 1.279638, 1.309573 
8.630000, 1.287427, 1.316507, 1.280309, 1.310281 
8.640000, 1.288173, 1.317106, 1.280987, 1.310981 
8.650000, 1.288924, 1.317695, 1.281671, 1.311673 
8.660000, 1.289680, 1.318277, 1.282362, 1.312356 
8.670000, 1.290441, 1.318850, 1.283060, 1.313031 
8.680000, 1.291207, 1.319414, 1.283763, 1.313698 
8.690000, 1.291979, 1.319970, 1.284473, 1.314356 
8.700000, 1.292755, 1.320517, 1.285189, 1.315005 
8.710000, 1.293535, 1.321056, 1.285911, 1.315646 
8.720000, 1.294320, 1.321586, 1.286639, 1.316278 
8.730000, 1.295110, 1.322108, 1.287372, 1.316901 
8.740000, 1.295904, 1.322621, 1.288111, 1.317516 
8.750000, 1.296702, 1.323125, 1.288855, 1.318122 
8.760000, 1.297504, 1.323621, 1.289605, 1.318720 
8.770000, 1.298310, 1.324109, 1.290360, 1.319308 
8.780000, 1.299120, 1.324587, 1.291120, 1.319888 
8.790000, 1.299934, 1.325057, 1.291885, 1.320459 
8.800000, 1.300751, 1.325519, 1.292655, 1.321021 
8.810000, 1.301572, 1.325972, 1.293429, 1.321574 
8.820000, 1.302396, 1.326416, 1.294209, 1.322118 
8.830000, 1.303224, 1.326852, 1.294992, 1.322654 
8.840000, 1.304054, 1.327279, 1.295781, 1.323180 
8.850000, 1.304888, 1.327698, 1.296573, 1.323698 
8.860000, 1.305725, 1.328108, 1.297370, 1.324207 
8.870000, 1.306564, 1.328509, 1.298170, 1.324707 
8.880000, 1.307406, 1.328902, 1.298975, 1.325198 
8.890000, 1.308251, 1.329287, 1.299783, 1.325680 
8.900000, 1.309098, 1.329663, 1.300595, 1.326153 
8.910000, 1.309948, 1.330031, 1.301411, 1.326618 
8.920000, 1.310800, 1.330390, 1.302231, 1.327073 
8.930000, 1.311654, 1.330741, 1.303055, 1.327519 
8.940000, 1.312511, 1.331083, 1.303882, 1.327956 
8.950000, 1.313369, 1.331417, 1.304713, 1.328384 
8.960000, 1.314230, 1.331743, 1.305546, 1.328804 
8.970000, 1.315092, 1.332060, 1.306383, 1.329215 
8.980000, 1.315956, 1.332369, 1.307222, 1.329616 
8.990000, 1.316821, 1.332670, 1.308063, 1.330010 
9.000000, 1.317688, 1.332962, 1.308907, 1.330394 
9.010000, 1.318557, 1.333247, 1.309753, 1.330770 
9.020000, 1.319426, 1.333523, 1.310602, 1.331137 
9.030000, 1.320297, 1.333791, 1.311453, 1.331495 
9.040000, 1.321170, 1.334051, 1.312305, 1.331845 
9.050000, 1.322043, 1.334303, 1.313160, 1.332186 
9.060000, 1.322917, 1.334547, 1.314017, 1.332519 
9.070000, 1.323793, 1.334783, 1.314875, 1.332843 
9.080000, 1.324669, 1.335011, 1.315735, 1.333158 
9.090000, 1.325546, 1.335231, 1.316597, 1.333465 
9.100000, 1.326423, 1.335444, 1.317460, 1.333764 
9.110000, 1.327301, 1.335648, 1.318325, 1.334055 
9.120000, 1.328180, 1.335845, 1.319191, 1.334337 
9.130000, 1.329059, 1.336034, 1.320058, 1.334611 
9.140000, 1.329938, 1.336215, 1.320927, 1.334877 
9.150000, 1.330818, 1.336389, 1.321797, 1.335135 
9.160000, 1.331698, 1.336555, 1.322668, 1.335384 
9.170000, 1.332578, 1.336713, 1.323540, 1.335626 
9.180000, 1.333458, 1.336864, 1.324412, 1.335860 
9.190000, 1.334338, 1.337008, 1.325286, 1.336085 
9.200000, 1.335218, 1.337144, 1.326160, 1.336303 
9.210000, 1.336098, 1.337272, 1.327035, 1.336512 
9.220000, 1.336978, 1.337394, 1.327910, 1.336714 
9.230000, 1.337857, 1.337508, 1.328786, 1.336908 
9.240000, 1.338736, 1.337615, 1.329662, 1.337094 
9.250000, 1.339615, 1.337715, 1.330539, 1.337272 
9.260000, 1.340493, 1.337807, 1.331415, 1.337442 
9.270000, 1.341370, 1.337893, 1.332292, 1.337604 
9.280000, 1.342247, 1.337972, 1.333170, 1.337759 
9.290000, 1.343124, 1.338043, 1.334047, 1.337906 
9.300000, 1.343999, 1.338108, 1.334924, 1.338045 
9.310000, 1.344874, 1.338166, 1.335801, 1.338177 
9.320000, 1.345748, 1.338217, 1.336678, 1.338301 
9.330000, 1.346622, 1.338261, 1.337555, 1.338418 
9.340000, 1.347494, 1.338299, 1.338432, 1.338527 
9.350000, 1.348365, 1.338330, 1.339308, 1.338629 
9.360000, 1.349235, 1.338354, 1.340184, 1.338723 
9.370000, 1.350105, 1.338372, 1.341060, 1.338810 
9.380000, 1.350973, 1.338383, 1.341935, 1.338890 
9.390000, 1.351840, 1.338388, 1.342809, 1.338963 
9.400000, 1.352706, 1.338387, 1.343683, 1.339028 
9.410000, 1.353570, 1.338379, 1.344556, 1.339087 
9.420000, 1.354433, 1.338365, 1.345429, 1.339138 
9.430000, 1.355295, 1.338345, 1.346300, 1.339182 
9.440000, 1.356155, 1.338318, 1.347171, 1.339220 
9.450000, 1.357015, 1.338286, 1.348041, 1.339250 
9.460000, 1.357872, 1.338247, 1.348910, 1.339274 
9.470000, 1.358728, 1.338202, 1.349778, 1.339291 
9.480000, 1.359583, 1.338152, 1.350645, 1.339301 
9.490000, 1.360436, 1.338095, 1.351511, 1.339305 
9.500000, 1.361287, 1.338033, 1.352375, 1.339302 
9.510000, 1.362137, 1.337965, 1.353239, 1.339293 
9.520000, 1.362985, 1.337891, 1.354101, 1.339277 
9.530000, 1.363831, 1.337812, 1.354962, 1.339254 
9.540000, 1.364675, 1.337727, 1.355822, 1.339226 
9.550000, 1.365518, 1.337636, 1.356680, 1.339191 
9.560000, 1.366359, 1.337540, 1.357537, 1.339150 
9.570000, 1.367198, 1.337438, 1.358393, 1.339103 
9.580000, 1.368035, 1.337331, 1.359247, 1.339049 
9.590000, 1.368871, 1.337219, 1.360100, 1.338990 
9.600000, 1.369704, 1.337101, 1.360951, 1.338925 
9.610000, 1.370536, 1.336978, 1.361800, 1.338854 
9.620000, 1.371365, 1.336850, 1.362648, 1.338777 
9.630000, 1.372193, 1.336717, 1.363494, 1.338694 
9.640000, 1.373018, 1.336579, 1.364338, 1.338605 
9.650000, 1.373842, 1.336435, 1.365181, 1.338511 
9.660000, 1.374663, 1.336287, 1.366022, 1.338411 
9.670000, 1.375483, 1.336134, 1.366862, 1.338306 
9.680000, 1.376300, 1.335975, 1.367700, 1.338195 
9.690000, 1.377115, 1.335812, 1.368538, 1.338078 
9.700000, 1.377928, 1.335645, 1.369373, 1.337955 
9.710000, 1.378739, 1.335472, 1.370207, 1.337828 
9.720000, 1.379548, 1.335295, 1.371039, 1.337695 
9.730000, 1.380354, 1.335113, 1.371869, 1.337557 
9.740000, 1.381158, 1.334927, 1.372697, 1.337414 
9.750000, 1.381961, 1.334736, 1.373523, 1.337265 
9.760000, 1.382760, 1.334541, 1.374347, 1.337112 
9.770000, 1.383558, 1.334341, 1.375168, 1.336954 
9.780000, 1.384353, 1.334137, 1.375987, 1.336791 
9.790000, 1.385147, 1.333928, 1.376805, 1.336624 
9.800000, 1.385937, 1.333715, 1.377619, 1.336451 
9.810000, 1.386726, 1.333498, 1.378432, 1.336274 
9.820000, 1.387512, 1.333277, 1.379242, 1.336093 
9.830000, 1.388296, 1.333052, 1.380051, 1.335907 
9.840000, 1.389078, 1.332822, 1.380856, 1.335716 
9.850000, 1.389857, 1.332589, 1.381660, 1.335520 
9.860000, 1.390634, 1.332351, 1.382461, 1.335321 
9.870000, 1.391409, 1.332110, 1.383260, 1.335117 
9.880000, 1.392181, 1.331865, 1.384057, 1.334908 
9.890000, 1.392951, 1.331616, 1.384852, 1.334695 
9.900000, 1.393718, 1.331363, 1.385644, 1.334478 
9.910000, 1.394484, 1.331106, 1.386434, 1.334257 
9.920000, 1.395246, 1.330845, 1.387221, 1.334031 
9.930000, 1.396007, 1.330581, 1.388006, 1.333802 
9.940000, 1.396765, 1.330313, 1.388789, 1.333568 
9.950000, 1.397521, 1.330042, 1.389570, 1.333330 
9.960000, 1.398274, 1.329767, 1.390348, 1.333089 
9.970000, 1.399025, 1.329489, 1.391124, 1.332843 
9.980000, 1.399774, 1.329207, 1.391898, 1.332593 
9.990000, 1.400520, 1.328922, 1.392669, 1.332340 
10.000000, 1.401264, 1.328633, 1.393438, 1.332083 
10.010000, 1.402005, 1.328341, 1.394204, 1.331822 
10.020000, 1.402744, 1.328045, 1.394968, 1.331557 
10.030000, 1.403481, 1.327747, 1.395730, 1.331288 
10.040000, 1.404215, 1.327445, 1.396490, 1.331016 
10.050000, 1.404947, 1.327140, 1.397247, 1.330740 
10.060000, 1.405677, 1.326832, 1.398001, 1.330461 
10.070000, 1.406404, 1.326521, 1.398754, 1.330178 
10.080000, 1.407129, 1.326206, 1.399504, 1.329892 
10.090000, 1.407851, 1.325889, 1.400251, 1.329603 
10.100000, 1.408571, 1.325569, 1.400997, 1.329309 
10.110000, 1.409289, 1.325246, 1.401739, 1.329013 
10.120000, 1.410004, 1.324920, 1.402480, 1.328713 
10.130000, 1.410717, 1.324591, 1.403218, 1.328410 
10.140000, 1.411428, 1.324259, 1.403954, 1.328104 
10.150000, 1.412136, 1.323924, 1.404687, 1.327795 
10.160000, 1.412842, 1.323587, 1.405418, 1.327482 
10.170000, 1.413546, 1.323247, 1.406147, 1.327166 
10.180000, 1.414247, 1.322904, 1.406873, 1.326848 
10.190000, 1.414946, 1.322558, 1.407597, 1.326526 
10.200000, 1.415643, 1.322210, 1.408318, 1.326201 
10.210000, 1.416337, 1.321860, 1.409037, 1.325873 
10.220000, 1.417029, 1.321506, 1.409754, 1.325543 
10.230000, 1.417719, 1.321151, 1.410469, 1.325209 
10.240000, 1.418407, 1.320792, 1.411181, 1.324873 
10.250000, 1.419092, 1.320432, 1.411891, 1.324534 
10.260000, 1.419775, 1.320069, 1.412598, 1.324192 
10.270000, 1.420456, 1.319703, 1.413303, 1.323847 
10.280000, 1.421134, 1.319335, 1.414006, 1.323500 
10.290000, 1.421810, 1.318965, 1.414707, 1.323150 
10.300000, 1.422484, 1.318593, 1.415405, 1.322797 
10.310000, 1.423156, 1.318218, 1.416101, 1.322442 
10.320000, 1.423826, 1.317841, 1.416794, 1.322085 
10.330000, 1.424493, 1.317462, 1.417486, 1.321724 
10.340000, 1.425158, 1.317081, 1.418175, 1.321362 
10.350000, 1.425821, 1.316697, 1.418861, 1.320996 
10.360000, 1.426482, 1.316312, 1.419546, 1.320629 
10.370000, 1.427141, 1.315924, 1.420228, 1.320259 
10.380000, 1.427797, 1.315534, 1.420908, 1.319887 
10.390000, 1.428451, 1.315143, 1.421586, 1.319512 
10.400000, 1.429104, 1.314749, 1.422261, 1.319135 
10.410000, 1.429754, 1.314353, 1.422934, 1.318756 
10.420000, 1.430402, 1.313956, 1.423606, 1.318375 
10.430000, 1.431048, 1.313556, 1.424274, 1.317991 
10.440000, 1.431692, 1.313155, 1.424941, 1.317605 
10.450000, 1.432333, 1.312752, 1.425606, 1.317217 
10.460000, 1.432973, 1.312346, 1.426268, 1.316827 
10.470000, 1.433611, 1.311940, 1.426928, 1.316435 
10.480000, 1.434246, 1.311531, 1.427586, 1.316041 
10.490000, 1.434880, 1.311120, 1.428242, 1.315645 
10.500000, 1.435512, 1.310708, 1.428896, 1.315247 
10.510000, 1.436141, 1.310294, 1.429547, 1.314847 
10.520000, 1.436769, 1.309879, 1.430197, 1.314445 
10.530000, 1.437395, 1.309462, 1.430844, 1.314042 
10.540000, 1.438018, 1.309043, 1.431489, 1.313636 
10.550000, 1.438640, 1.308622, 1.432133, 1.313229 
10.560000, 1.439260, 1.308200, 1.432774, 1.312819 
10.570000, 1.439878, 1.307776, 1.433413, 1.312408 
10.580000, 1.440494, 1.307351, 1.434050, 1.311995 
10.590000, 1.441108, 1.306925, 1.434685, 1.311581 
10.600000, 1.441721, 1.306496, 1.435318, 1.311164 
10.610000, 1.442331, 1.306067, 1.435949, 1.310746 
10.620000, 1.442940, 1.305636, 1.436578, 1.310327 
10.630000, 1.443546, 1.305203, 1.437205, 1.309905 
10.640000, 1.444151, 1.304769, 1.437831, 1.309483 
10.650000, 1.444754, 1.304334, 1.438454, 1.309058 
10.660000, 1.445356, 1.303897, 1.439075, 1.308632 
10.670000, 1.445955, 1.303459, 1.439694, 1.308204 
10.680000, 1.446553, 1.303020, 1.440312, 1.307775 
10.690000, 1.447149, 1.302579, 1.440927, 1.307345 
10.700000, 1.447743, 1.302137, 1.441541, 1.306913 
10.710000, 1.448336, 1.301694, 1.442153, 1.306479 
10.720000, 1.448927, 1.301249, 1.442763, 1.306044 
10.730000, 1.449516, 1.300804, 1.443371, 1.305608 
10.740000, 1.450104, 1.300357, 1.443977, 1.305170 
10.750000, 1.450690, 1.299908, 1.444582, 1.304731 
10.760000, 1.451274, 1.299459, 1.445184, 1.304290 
10.770000, 1.451857, 1.299009, 1.445785, 1.303848 
10.780000, 1.452438, 1.298557, 1.446384, 1.303405 
10.790000, 1.453017, 1.298104, 1.446982, 1.302961 
10.800000, 1.453595, 1.297651, 1.447577, 1.302515 
10.810000, 1.454171, 1.297196, 1.448171, 1.302068 
10.820000, 1.454746, 1.296740, 1.448764, 1.301620 
10.830000, 1.455319, 1.296283, 1.449354, 1.301171 
10.840000, 1.455891, 1.295825, 1.449943, 1.300720 
10.850000, 1.456461, 1.295366, 1.450530, 1.300269 
10.860000, 1.457030, 1.294906, 1.451116, 1.299816 
10.870000, 1.457597, 1.294445, 1.451700, 1.299362 
10.880000, 1.458163, 1.293983, 1.452282, 1.298907 
10.890000, 1.458727, 1.293520, 1.452863, 1.298451 
10.900000, 1.459290, 1.293056, 1.453442, 1.297993 
10.910000, 1.459852, 1.292591, 1.454019, 1.297535 
10.920000, 1.460412, 1.292126, 1.454595, 1.297076 
10.930000, 1.460970, 1.291659, 1.455170, 1.296615 
10.940000, 1.461528, 1.291192, 1.455743, 1.296154 
10.950000, 1.462084, 1.290723, 1.456314, 1.295691 
10.960000, 1.462639, 1.290254, 1.456884, 1.295228 
10.970000, 1.463192, 1.289784, 1.457452, 1.294764 
10.980000, 1.463744, 1.289313, 1.458019, 1.294298 
10.990000, 1.464295, 1.288842, 1.458585, 1.293832 
11.000000, 1.464844, 1.288369, 1.459149, 1.293365 
11.010000, 1.465393, 1.287896, 1.459711, 1.292897 
11.020000, 1.465940, 1.287422, 1.460273, 1.292428 
11.030000, 1.466485, 1.286948, 1.460833, 1.291958 
11.040000, 1.467030, 1.286472, 1.461391, 1.291487 
11.050000, 1.467573, 1.285996, 1.461948, 1.291016 
11.060000, 1.468116, 1.285519, 1.462504, 1.290543 
11.070000, 1.468657, 1.285042, 1.463059, 1.290070 
11.080000, 1.469197, 1.284564, 1.463612, 1.289596 
11.090000, 1.469736, 1.284085, 1.464164, 1.289121 
11.100000, 1.470273, 1.283605, 1.464714, 1.288646 
11.110000, 1.470810, 1.283125, 1.465264, 1.288170 
11.120000, 1.471345, 1.282645, 1.465812, 1.287693 
11.130000, 1.471880, 1.282163, 1.466359, 1.287215 
11.140000, 1.472413, 1.281681, 1.466905, 1.286736 
11.150000, 1.472946, 1.281199, 1.467449, 1.286257 
11.160000, 1.473477, 1.280715, 1.467992, 1.285777 
11.170000, 1.474008, 1.280232, 1.468535, 1.285297 
11.180000, 1.474537, 1.279747, 1.469076, 1.284815 
11.190000, 1.475065, 1.279263, 1.469615, 1.284333 
11.200000, 1.475593, 1.278777, 1.470154, 1.283851 
11.210000, 1.476120, 1.278291, 1.470692, 1.283368 
11.220000, 1.476645, 1.277805, 1.471228, 1.282884 
11.230000, 1.477170, 1.277318, 1.471764, 1.282400 
11.240000, 1.477694, 1.276831, 1.472298, 1.281915 
11.250000, 1.478217, 1.276343, 1.472832, 1.281429 
11.260000, 1.478739, 1.275854, 1.473364, 1.280943 
11.270000, 1.479260, 1.275366, 1.473896, 1.280456 
11.280000, 1.479781, 1.274876, 1.474426, 1.279969 
11.290000, 1.480301, 1.274387, 1.474956, 1.279481 
11.300000, 1.480820, 1.273896, 1.475484, 1.278993 
11.310000, 1.481338, 1.273406, 1.476012, 1.278504 
11.320000, 1.481855, 1.272915, 1.476538, 1.278015 
11.330000, 1.482372, 1.272424, 1.477064, 1.277525 
11.340000, 1.482888, 1.271932, 1.477589, 1.277035 
11.350000, 1.483403, 1.271440, 1.478113, 1.276544 
11.360000, 1.483917, 1.270947, 1.478636, 1.276053 
11.370000, 1.484431, 1.270454, 1.479158, 1.275561 
11.380000, 1.484944, 1.269961, 1.479680, 1.275069 
11.390000, 1.485457, 1.269468, 1.480200, 1.274576 
11.400000, 1.485969, 1.268974, 1.480720, 1.274083 
11.410000, 1.486480, 1.268479, 1.481239, 1.273590 
11.420000, 1.486991, 1.267985, 1.481758, 1.273096 
11.430000, 1.487501, 1.267490, 1.482275, 1.272602 
11.440000, 1.488011, 1.266995, 1.482792, 1.272107 
11.450000, 1.488520, 1.266500, 1.483308, 1.271612 
11.460000, 1.489028, 1.266004, 1.483824, 1.271117 
11.470000, 1.489536, 1.265508, 1.484338, 1.270621 
11.480000, 1.490044, 1.265012, 1.484853, 1.270125 
11.490000, 1.490551, 1.264515, 1.485366, 1.269629 
11.500000, 1.491057, 1.264019, 1.485879, 1.269133 
11.510000, 1.491563, 1.263522, 1.486391, 1.268636 
11.520000, 1.492069, 1.263025, 1.486903, 1.268138 
11.530000, 1.492574, 1.262527, 1.487414, 1.267641 
11.540000, 1.493079, 1.262030, 1.487924, 1.267143 
11.550000, 1.493584, 1.261532, 1.488434, 1.266645 
11.560000, 1.494088, 1.261034, 1.488943, 1.266146 
11.570000, 1.494591, 1.260536, 1.489452, 1.265648 
11.580000, 1.495095, 1.260038, 1.489960, 1.265149 
11.590000, 1.495598, 1.259539, 1.490468, 1.264649 
11.600000, 1.496101, 1.259041, 1.490976, 1.264150 
11.610000, 1.496603, 1.258542, 1.491483, 1.263650 
11.620000, 1.497105, 1.258043, 1.491989, 1.263151 
11.630000, 1.497607, 1.257544, 1.492495, 1.262650 
11.640000, 1.498109, 1.257045, 1.493001, 1.262150 
11.650000, 1.498611, 1.256546, 1.493506, 1.261650 
11.660000, 1.499112, 1.256046, 1.494011, 1.261149 
11.670000, 1.499613, 1.255547, 1.494516, 1.260648 
11.680000, 1.500114, 1.255047, 1.495020, 1.260147 
11.690000, 1.500614, 1.254548, 1.495524, 1.259646 
11.700000, 1.501115, 1.254048, 1.496027, 1.259145 
11.710000, 1.501616, 1.253548, 1.496530, 1.258643 
11.720000, 1.502116, 1.253048, 1.497033, 1.258142 
11.730000, 1.502616, 1.252548, 1.497536, 1.257640 
11.740000, 1.503116, 1.252049, 1.498039, 1.257138 
11.750000, 1.503616, 1.251549, 1.498541, 1.256636 
11.760000, 1.504116, 1.251049, 1.499043, 1.256134 
11.770000, 1.504616, 1.250549, 1.499545, 1.255632 
11.780000, 1.505117, 1.250049, 1.500046, 1.255130 
11.790000, 1.505617, 1.249549, 1.500548, 1.254627 
11.800000, 1.506117, 1.249049, 1.501049, 1.254125 
11.810000, 1.506617, 1.248549, 1.501551, 1.253622 
11.820000, 1.507117, 1.248049, 1.502052, 1.253120 
11.830000, 1.507617, 1.247549, 1.502553, 1.252617 
11.840000, 1.508117, 1.247049, 1.503053, 1.252114 
11.850000, 1.508617, 1.246549, 1.503554, 1.251612 
11.860000, 1.509118, 1.246049, 1.504055, 1.251109 
11.870000, 1.509618, 1.245550, 1.504556, 1.250606 
11.880000, 1.510119, 1.245050, 1.505057, 1.250103 
11.890000, 1.510620, 1.244550, 1.505557, 1.249601 
11.900000, 1.511121, 1.244051, 1.506058, 1.249098 
11.910000, 1.511622, 1.243551, 1.506559, 1.248595 
11.920000, 1.512124, 1.243052, 1.507060, 1.248092 
11.930000, 1.512625, 1.242553, 1.507560, 1.247590 
11.940000, 1.513127, 1.242054, 1.508061, 1.247087 
11.950000, 1.513629, 1.241555, 1.508562, 1.246584 
11.960000, 1.514132, 1.241056, 1.509064, 1.246082 
11.970000, 1.514635, 1.240558, 1.509565, 1.245579 
11.980000, 1.515138, 1.240059, 1.510066, 1.245077 
11.990000, 1.515641, 1.239561, 1.510568, 1.244574 
12.000000, 1.516145, 1.239063, 1.511070, 1.244072 
12.010000, 1.516649, 1.238565, 1.511571, 1.243570 
12.020000, 1.517153, 1.238067, 1.512074, 1.243068 
12.030000, 1.517658, 1.237569, 1.512576, 1.242566 
12.040000, 1.518163, 1.237072, 1.513078, 1.242064 
12.050000, 1.518668, 1.236575, 1.513581, 1.241562 
12.060000, 1.519174, 1.236078, 1.514084, 1.241060 
12.070000, 1.519681, 1.235581, 1.514588, 1.240559 
12.080000, 1.520188, 1.235085, 1.515091, 1.240057 
12.090000, 1.520695, 1.234588, 1.515595, 1.239556 
12.100000, 1.521203, 1.234092, 1.516100, 1.239055 
12.110000, 1.521712, 1.233597, 1.516604, 1.238554 
12.120000, 1.522220, 1.233101, 1.517109, 1.238053 
12.130000, 1.522730, 1.232606, 1.517615, 1.237553 
12.140000, 1.523240, 1.232111, 1.518121, 1.237052 
12.150000, 1.523751, 1.231617, 1.518627, 1.236552 
12.160000, 1.524262, 1.231122, 1.519134, 1.236052 
12.170000, 1.524774, 1.230628, 1.519641, 1.235552 
12.180000, 1.525286, 1.230135, 1.520148, 1.235053 
12.190000, 1.525799, 1.229642, 1.520656, 1.234553 
12.200000, 1.526313, 1.229149, 1.521165, 1.234054 
12.210000, 1.526827, 1.228656, 1.521674, 1.233555 
12.220000, 1.527342, 1.228164, 1.522183, 1.233057 
12.230000, 1.527858, 1.227672, 1.522693, 1.232559 
12.240000, 1.528375, 1.227181, 1.523204, 1.232061 
12.250000, 1.528892, 1.226690, 1.523715, 1.231563 
12.260000, 1.529410, 1.226199, 1.524227, 1.231065 
12.270000, 1.529929, 1.225709, 1.524740, 1.230568 
12.280000, 1.530448, 1.225219, 1.525253, 1.230071 
12.290000, 1.530969, 1.224730, 1.525766, 1.229575 
12.300000, 1.531490, 1.224241, 1.526281, 1.229079 
12.310000, 1.532012, 1.223752, 1.526796, 1.228583 
12.320000, 1.532535, 1.223264, 1.527311, 1.228087 
12.330000, 1.533058, 1.222777, 1.527828, 1.227592 
12.340000, 1.533583, 1.222290, 1.528345, 1.227098 
12.350000, 1.534108, 1.221803, 1.528863, 1.226603 
12.360000, 1.534635, 1.221317, 1.529381, 1.226109 
12.370000, 1.535162, 1.220832, 1.529901, 1.225616 
12.380000, 1.535690, 1.220347, 1.530421, 1.225122 
12.390000, 1.536220, 1.219862, 1.530942, 1.224630 
12.400000, 1.536750, 1.219379, 1.531463, 1.224137 
12.410000, 1.537281, 1.218895, 1.531986, 1.223645 
12.420000, 1.537813, 1.218413, 1.532509, 1.223154 
12.430000, 1.538346, 1.217931, 1.533034, 1.222663 
12.440000, 1.538881, 1.217449, 1.533559, 1.222172 
12.450000, 1.539416, 1.216968, 1.534085, 1.221682 
12.460000, 1.539953, 1.216488, 1.534612, 1.221193 
12.470000, 1.540490, 1.216008, 1.535140, 1.220703 
12.480000, 1.541029, 1.215529, 1.535669, 1.220215 
12.490000, 1.541568, 1.215051, 1.536198, 1.219727 
12.500000, 1.542109, 1.214573, 1.536729, 1.219239 
12.510000, 1.542651, 1.214096, 1.537261, 1.218752 
12.520000, 1.543194, 1.213620, 1.537794, 1.218266 
12.530000, 1.543739, 1.213145, 1.538328, 1.217780 
12.540000, 1.544284, 1.212670, 1.538862, 1.217295 
12.550000, 1.544831, 1.212196, 1.539398, 1.216810 
12.560000, 1.545379, 1.211723, 1.539935, 1.216326 
12.570000, 1.545928, 1.211250, 1.540473, 1.215842 
12.580000, 1.546479, 1.210778, 1.541012, 1.215359 
12.590000, 1.547031, 1.210307, 1.541553, 1.214877 
12.600000, 1.547584, 1.209837, 1.542094, 1.214396 
12.610000, 1.548138, 1.209368, 1.542637, 1.213915 
12.620000, 1.548694, 1.208899, 1.543180, 1.213434 
12.630000, 1.549251, 1.208432, 1.543725, 1.212955 
12.640000, 1.549810, 1.207965, 1.544271, 1.212476 
12.650000, 1.550370, 1.207499, 1.544819, 1.211998 
12.660000, 1.550931, 1.207034, 1.545367, 1.211520 
12.670000, 1.551493, 1.206570, 1.545917, 1.211044 
12.680000, 1.552057, 1.206107, 1.546468, 1.210568 
12.690000, 1.552623, 1.205645, 1.547021, 1.210092 
12.700000, 1.553190, 1.205184, 1.547574, 1.209618 
12.710000, 1.553758, 1.204724, 1.548129, 1.209144 
12.720000, 1.554328, 1.204264, 1.548687, 1.208671 
12.730000, 1.554900, 1.203806, 1.549246, 1.208198 
12.740000, 1.555473, 1.203349, 1.549807, 1.207726 
12.750000, 1.556047, 1.202893, 1.550369, 1.207254 
12.760000, 1.556623, 1.202438, 1.550933, 1.206784 
12.770000, 1.557201, 1.201984, 1.551498, 1.206314 
12.780000, 1.557780, 1.201531, 1.552065, 1.205845 
12.790000, 1.558360, 1.201079, 1.552632, 1.205378 
12.800000, 1.558943, 1.200628, 1.553201, 1.204911 
12.810000, 1.559527, 1.200179, 1.553772, 1.204446 
12.820000, 1.560112, 1.199730, 1.554343, 1.203981 
12.830000, 1.560700, 1.199283, 1.554916, 1.203518 
12.840000, 1.561288, 1.198837, 1.555491, 1.203056 
12.850000, 1.561879, 1.198393, 1.556067, 1.202594 
12.860000, 1.562471, 1.197949, 1.556644, 1.202134 
12.870000, 1.563065, 1.197507, 1.557223, 1.201675 
12.880000, 1.563661, 1.197066, 1.557803, 1.201217 
12.890000, 1.564259, 1.196626, 1.558385, 1.200760 
12.900000, 1.564858, 1.196188, 1.558968, 1.200305 
12.910000, 1.565459, 1.195751, 1.559553, 1.199850 
12.920000, 1.566062, 1.195315, 1.560139, 1.199397 
12.930000, 1.566666, 1.194881, 1.560727, 1.198944 
12.940000, 1.567273, 1.194448, 1.561317, 1.198493 
12.950000, 1.567881, 1.194017, 1.561908, 1.198044 
12.960000, 1.568491, 1.193587, 1.562501, 1.197595 
12.970000, 1.569103, 1.193159, 1.563096, 1.197148 
12.980000, 1.569717, 1.192732, 1.563692, 1.196701 
12.990000, 1.570332, 1.192306, 1.564290, 1.196256 
13.000000, 1.570950, 1.191882, 1.564890, 1.195813 
13.010000, 1.571569, 1.191460, 1.565492, 1.195370 
13.020000, 1.572191, 1.191039, 1.566095, 1.194930 
13.030000, 1.572814, 1.190620, 1.566700, 1.194490 
13.040000, 1.573439, 1.190202, 1.567306, 1.194052 
13.050000, 1.574067, 1.189786, 1.567915, 1.193615 
13.060000, 1.574696, 1.189372, 1.568526, 1.193179 
13.070000, 1.575327, 1.188960, 1.569138, 1.192745 
13.080000, 1.575960, 1.188549, 1.569753, 1.192312 
13.090000, 1.576596, 1.188140, 1.570369, 1.191881 
13.100000, 1.577233, 1.187733, 1.570987, 1.191450 
13.110000, 1.577872, 1.187327, 1.571608, 1.191021 
13.120000, 1.578514, 1.186923, 1.572230, 1.190594 
13.130000, 1.579157, 1.186522, 1.572854, 1.190168 
13.140000, 1.579803, 1.186122, 1.573480, 1.189743 
13.150000, 1.580450, 1.185724, 1.574108, 1.189319 
13.160000, 1.581100, 1.185328, 1.574738, 1.188898 
13.170000, 1.581752, 1.184934, 1.575370, 1.188477 
13.180000, 1.582406, 1.184542, 1.576004, 1.188059 
13.190000, 1.583062, 1.184151, 1.576640, 1.187642 
13.200000, 1.583720, 1.183763, 1.577278, 1.187226 
13.210000, 1.584380, 1.183377, 1.577918, 1.186813 
13.220000, 1.585043, 1.182994, 1.578560, 1.186401 
13.230000, 1.585708, 1.182612, 1.579204, 1.185991 
13.240000, 1.586375, 1.182232, 1.579850, 1.185582 
13.250000, 1.587044, 1.181855, 1.580499, 1.185176 
13.260000, 1.587715, 1.181480, 1.581149, 1.184771 
13.270000, 1.588389, 1.181107, 1.581801, 1.184368 
13.280000, 1.589065, 1.180736, 1.582456, 1.183968 
13.290000, 1.589743, 1.180368, 1.583112, 1.183569 
13.300000, 1.590423, 1.180002, 1.583771, 1.183172 
13.310000, 1.591105, 1.179639, 1.584432, 1.182777 
13.320000, 1.591790, 1.179278, 1.585094, 1.182386 
13.330000, 1.592477, 1.178919, 1.585757, 1.181997 
13.340000, 1.593167, 1.178563, 1.586423, 1.181610 
13.350000, 1.593858, 1.178209, 1.587090, 1.181226 
13.360000, 1.594552, 1.177858, 1.587759, 1.180845 
13.370000, 1.595248, 1.177509, 1.588430, 1.180465 
13.380000, 1.595947, 1.177163, 1.589104, 1.180088 
13.390000, 1.596648, 1.176820, 1.589780, 1.179714 
13.400000, 1.597351, 1.176479, 1.590459, 1.179341 
13.410000, 1.598057, 1.176141, 1.591140, 1.178971 
13.420000, 1.598764, 1.175806, 1.591823, 1.178604 
13.430000, 1.599475, 1.175474, 1.592509, 1.178239 
13.440000, 1.600187, 1.175144, 1.593197, 1.177876 
13.450000, 1.600902, 1.174818, 1.593888, 1.177515 
13.460000, 1.601619, 1.174494, 1.594581, 1.177158 
13.470000, 1.602339, 1.174173, 1.595277, 1.176802 
13.480000, 1.603061, 1.173855, 1.595975, 1.176450 
13.490000, 1.603785, 1.173540, 1.596675, 1.176100 
13.500000, 1.604512, 1.173228, 1.597378, 1.175752 
13.510000, 1.605241, 1.172920, 1.598083, 1.175408 
13.520000, 1.605972, 1.172614, 1.598791, 1.175066 
13.530000, 1.606706, 1.172312, 1.599501, 1.174727 
13.540000, 1.607443, 1.172012, 1.600213, 1.174390 
13.550000, 1.608181, 1.171716, 1.600928, 1.174057 
13.560000, 1.608922, 1.171424, 1.601645, 1.173726 
13.570000, 1.609665, 1.171134, 1.602365, 1.173398 
13.580000, 1.610411, 1.170848, 1.603087, 1.173073 
13.590000, 1.611159, 1.170566, 1.603811, 1.172751 
13.600000, 1.611910, 1.170287, 1.604537, 1.172432 
13.610000, 1.612663, 1.170011, 1.605267, 1.172116 
13.620000, 1.613418, 1.169739, 1.605998, 1.171803 
13.630000, 1.614176, 1.169471, 1.606732, 1.171493 
13.640000, 1.614936, 1.169206, 1.607468, 1.171187 
13.650000, 1.615698, 1.168944, 1.608207, 1.170883 
13.660000, 1.616463, 1.168687, 1.608948, 1.170583 
13.670000, 1.617230, 1.168433, 1.609691, 1.170286 
13.680000, 1.617999, 1.168183, 1.610437, 1.169992 
13.690000, 1.618771, 1.167937, 1.611185, 1.169702 
13.700000, 1.619545, 1.167695, 1.611935, 1.169415 
13.710000, 1.620322, 1.167457, 1.612688, 1.169131 
13.720000, 1.621101, 1.167223, 1.613443, 1.168851 
13.730000, 1.621882, 1.166992, 1.614201, 1.168575 
13.740000, 1.622665, 1.166766, 1.614961, 1.168302 
13.750000, 1.623451, 1.166544, 1.615723, 1.168032 
13.760000, 1.624239, 1.166327, 1.616488, 1.167766 
13.770000, 1.625030, 1.166113, 1.617255, 1.167504 
13.780000, 1.625822, 1.165904, 1.618024, 1.167245 
13.790000, 1.626617, 1.165699, 1.618796, 1.166991 
13.800000, 1.627415, 1.165498, 1.619570, 1.166740 
13.810000, 1.628214, 1.165302, 1.620346, 1.166493 
13.820000, 1.629016, 1.165110, 1.621125, 1.166249 
13.830000, 1.629819, 1.164923, 1.621906, 1.166010 
13.840000, 1.630626, 1.164740, 1.622689, 1.165775 
13.850000, 1.631434, 1.164562, 1.623475, 1.165544 
13.860000, 1.632244, 1.164389, 1.624263, 1.165316 
13.870000, 1.633057, 1.164220, 1.625053, 1.165094 
13.880000, 1.633872, 1.164056, 1.625846, 1.164875 
13.890000, 1.634688, 1.163897, 1.626640, 1.164660 
13.900000, 1.635507, 1.163743, 1.627437, 1.164450 
13.910000, 1.636328, 1.163593, 1.628237, 1.164244 
13.920000, 1.637152, 1.163449, 1.629038, 1.164043 
13.930000, 1.637977, 1.163310, 1.629842, 1.163846 
13.940000, 1.638804, 1.163175, 1.630647, 1.163653 
13.950000, 1.639633, 1.163046, 1.631455, 1.163466 
13.960000, 1.640464, 1.162922, 1.632265, 1.163282 
13.970000, 1.641297, 1.162804, 1.633078, 1.163104 
13.980000, 1.642132, 1.162690, 1.633892, 1.162930 
13.990000, 1.642969, 1.162582, 1.634709, 1.162761 
14.000000, 1.643808, 1.162479, 1.635527, 1.162597 
14.010000, 1.644648, 1.162382, 1.636348, 1.162438 
14.020000, 1.645491, 1.162291, 1.637171, 1.162283 
14.030000, 1.646335, 1.162204, 1.637995, 1.162134 
14.040000, 1.647181, 1.162124, 1.638822, 1.161990 
14.050000, 1.648029, 1.162049, 1.639651, 1.161851 
14.060000, 1.648878, 1.161980, 1.640481, 1.161717 
14.070000, 1.649729, 1.161916, 1.641314, 1.161588 
14.080000, 1.650582, 1.161859, 1.642148, 1.161465 
14.090000, 1.651436, 1.161807, 1.642985, 1.161347 
14.100000, 1.652292, 1.161761, 1.643823, 1.161235 
14.110000, 1.653149, 1.161722, 1.644663, 1.161128 
14.120000, 1.654008, 1.161688, 1.645505, 1.161026 
14.130000, 1.654868, 1.161660, 1.646348, 1.160930 
14.140000, 1.655729, 1.161639, 1.647193, 1.160840 
14.150000, 1.656592, 1.161623, 1.648040, 1.160756 
14.160000, 1.657456, 1.161614, 1.648889, 1.160677 
14.170000, 1.658322, 1.161612, 1.649739, 1.160604 
14.180000, 1.659189, 1.161615, 1.650591, 1.160537 
14.190000, 1.660057, 1.161625, 1.651444, 1.160477 
14.200000, 1.660926, 1.161642, 1.652297, 1.160423 
14.210000, 1.661796, 1.161665, 1.653151, 1.160375 
14.220000, 1.662667, 1.161695, 1.654006, 1.160333 
14.230000, 1.663539, 1.161731, 1.654864, 1.160297 
14.240000, 1.664412, 1.161774, 1.655723, 1.160266 
14.250000, 1.665286, 1.161824, 1.656585, 1.160241 
14.260000, 1.666161, 1.161880, 1.657448, 1.160223 
14.270000, 1.667036, 1.161944, 1.658312, 1.160210 
14.280000, 1.667912, 1.162014, 1.659178, 1.160204 
14.290000, 1.668789, 1.162091, 1.660045, 1.160205 
14.300000, 1.669667, 1.162175, 1.660913, 1.160212 
14.310000, 1.670545, 1.162267, 1.661782, 1.160225 
14.320000, 1.671423, 1.162365, 1.662653, 1.160246 
14.330000, 1.672302, 1.162471, 1.663524, 1.160273 
14.340000, 1.673182, 1.162583, 1.664396, 1.160306 
14.350000, 1.674061, 1.162703, 1.665270, 1.160347 
14.360000, 1.674941, 1.162831, 1.666144, 1.160395 
14.370000, 1.675821, 1.162965, 1.667018, 1.160449 
14.380000, 1.676701, 1.163108, 1.667894, 1.160511 
14.390000, 1.677581, 1.163257, 1.668770, 1.160580 
14.400000, 1.678461, 1.163414, 1.669647, 1.160656 
14.410000, 1.679341, 1.163579, 1.670524, 1.160740 
14.420000, 1.680221, 1.163751, 1.671402, 1.160831 
14.430000, 1.681100, 1.163931, 1.672280, 1.160929 
14.440000, 1.681979, 1.164118, 1.673158, 1.161035 
14.450000, 1.682858, 1.164313, 1.674037, 1.161148 
14.460000, 1.683736, 1.164516, 1.674916, 1.161269 
14.470000, 1.684614, 1.164727, 1.675795, 1.161398 
14.480000, 1.685491, 1.164945, 1.676674, 1.161534 
14.490000, 1.686367, 1.165172, 1.677553, 1.161678 
14.500000, 1.687243, 1.165406, 1.678432, 1.161830 
14.510000, 1.688117, 1.165649, 1.679310, 1.161989 
14.520000, 1.688991, 1.165899, 1.680189, 1.162157 
14.530000, 1.689863, 1.166158, 1.681067, 1.162333 
14.540000, 1.690735, 1.166424, 1.681945, 1.162516 
14.550000, 1.691605, 1.166699, 1.682823, 1.162708 
14.560000, 1.692473, 1.166982, 1.683700, 1.162908 
14.570000, 1.693341, 1.167273, 1.684576, 1.163116 
14.580000, 1.694206, 1.167572, 1.685452, 1.163332 
14.590000, 1.695071, 1.167879, 1.686327, 1.163556 
14.600000, 1.695933, 1.168195, 1.687201, 1.163789 
14.610000, 1.696794, 1.168519, 1.688074, 1.164030 
14.620000, 1.697653, 1.168851, 1.688946, 1.164280 
14.630000, 1.698509, 1.169192, 1.689817, 1.164538 
14.640000, 1.699364, 1.169541, 1.690687, 1.164804 
14.650000, 1.700217, 1.169899, 1.691555, 1.165079 
14.660000, 1.701067, 1.170265, 1.692422, 1.165363 
14.670000, 1.701915, 1.170639, 1.693288, 1.165655 
14.680000, 1.702760, 1.171022, 1.694152, 1.165956 
14.690000, 1.703603, 1.171414, 1.695015, 1.166265 
14.700000, 1.704443, 1.171813, 1.695875, 1.166583 
14.710000, 1.705280, 1.172222, 1.696734, 1.166910 
14.720000, 1.706114, 1.172639, 1.697591, 1.167246 
14.730000, 1.706945, 1.173064, 1.698446, 1.167590 
14.740000, 1.707773, 1.173498, 1.699299, 1.167943 
14.750000, 1.708598, 1.173941, 1.700150, 1.168305 
14.760000, 1.709420, 1.174392, 1.700998, 1.168676 
14.770000, 1.710238, 1.174852, 1.701844, 1.169056 
14.780000, 1.711052, 1.175321, 1.702687, 1.169445 
14.790000, 1.711863, 1.175798, 1.703527, 1.169843 
14.800000, 1.712670, 1.176283, 1.704365, 1.170249 
14.810000, 1.713472, 1.176778, 1.705200, 1.170665 
14.820000, 1.714271, 1.177280, 1.706032, 1.171090 
14.830000, 1.715066, 1.177792, 1.706861, 1.171523 
14.840000, 1.715857, 1.178312, 1.707687, 1.171966 
14.850000, 1.716643, 1.178840, 1.708508, 1.172419 
14.860000, 1.717424, 1.179377, 1.709325, 1.172881 
14.870000, 1.718201, 1.179923, 1.710138, 1.173353 
14.880000, 1.718973, 1.180477, 1.710948, 1.173833 
14.890000, 1.719741, 1.181040, 1.711754, 1.174323 
14.900000, 1.720503, 1.181611, 1.712556, 1.174821 
14.910000, 1.721260, 1.182191, 1.713354, 1.175329 
14.920000, 1.722012, 1.182779, 1.714149, 1.175845 
14.930000, 1.722758, 1.183376, 1.714939, 1.176371 
14.940000, 1.723500, 1.183981, 1.715725, 1.176905 
14.950000, 1.724235, 1.184594, 1.716507, 1.177448 
14.960000, 1.724965, 1.185216, 1.717285, 1.178001 
14.970000, 1.725689, 1.185846, 1.718057, 1.178562 
14.980000, 1.726407, 1.186484, 1.718825, 1.179132 
14.990000, 1.727118, 1.187131, 1.719589, 1.179711 
15.000000, 1.727824, 1.187786, 1.720347, 1.180299 
15.010000, 1.728523, 1.188449, 1.721100, 1.180896 
15.020000, 1.729216, 1.189120, 1.721848, 1.181502 
15.030000, 1.729902, 1.189799, 1.722591, 1.182117 
15.040000, 1.730582, 1.190486, 1.723328, 1.182741 
15.050000, 1.731255, 1.191181, 1.724059, 1.183374 
15.060000, 1.731920, 1.191884, 1.724785, 1.184015 
15.070000, 1.732579, 1.192595, 1.725505, 1.184666 
15.080000, 1.733230, 1.193314, 1.726219, 1.185325 
15.090000, 1.733874, 1.194040, 1.726927, 1.185993 
15.100000, 1.734511, 1.194775, 1.727628, 1.186670 
15.110000, 1.735140, 1.195516, 1.728324, 1.187355 
15.120000, 1.735762, 1.196266, 1.729012, 1.188049 
15.130000, 1.736375, 1.197023, 1.729694, 1.188752 
15.140000, 1.736981, 1.197787, 1.730370, 1.189463 
15.150000, 1.737579, 1.198558, 1.731038, 1.190183 
15.160000, 1.738168, 1.199337, 1.731700, 1.190911 
15.170000, 1.738749, 1.200123, 1.732353, 1.191649 
15.180000, 1.739322, 1.200916, 1.732999, 1.192395 
15.190000, 1.739886, 1.201716, 1.733636, 1.193150 
15.200000, 1.740442, 1.202523, 1.734266, 1.193913 
15.210000, 1.740989, 1.203337, 1.734888, 1.194685 
15.220000, 1.741527, 1.204158, 1.735503, 1.195464 
15.230000, 1.742056, 1.204985, 1.736111, 1.196251 
15.240000, 1.742576, 1.205819, 1.736710, 1.197045 
15.250000, 1.743087, 1.206660, 1.737302, 1.197848 
15.260000, 1.743589, 1.207506, 1.737886, 1.198657 
15.270000, 1.744081, 1.208359, 1.738462, 1.199475 
15.280000, 1.744564, 1.209218, 1.739030, 1.200299 
15.290000, 1.745037, 1.210084, 1.739589, 1.201132 
15.300000, 1.745500, 1.210955, 1.740140, 1.201971 
15.310000, 1.745954, 1.211832, 1.740683, 1.202818 
15.320000, 1.746398, 1.212714, 1.741217, 1.203672 
15.330000, 1.746832, 1.213603, 1.741741, 1.204533 
15.340000, 1.747255, 1.214496, 1.742257, 1.205401 
15.350000, 1.747669, 1.215396, 1.742765, 1.206275 
15.360000, 1.748072, 1.216300, 1.743265, 1.207155 
15.370000, 1.748465, 1.217210, 1.743756, 1.208041 
15.380000, 1.748847, 1.218124, 1.744239, 1.208934 
15.390000, 1.749219, 1.219044, 1.744711, 1.209834 
15.400000, 1.749581, 1.219968, 1.745173, 1.210740 
15.410000, 1.749931, 1.220897, 1.745626, 1.211653 
15.420000, 1.750271, 1.221830, 1.746068, 1.212573 
15.430000, 1.750600, 1.222767, 1.746499, 1.213499 
15.440000, 1.750918, 1.223709, 1.746921, 1.214431 
15.450000, 1.751225, 1.224655, 1.747331, 1.215370 
15.460000, 1.751521, 1.225605, 1.747732, 1.216314 
15.470000, 1.751806, 1.226559, 1.748121, 1.217264 
15.480000, 1.752079, 1.227516, 1.748500, 1.218219 
15.490000, 1.752341, 1.228477, 1.748869, 1.219180 
15.500000, 1.752592, 1.229441, 1.749225, 1.220147 
15.510000, 1.752832, 1.230409, 1.749570, 1.221120 
15.520000, 1.753060, 1.231379, 1.749904, 1.222097 
15.530000, 1.753277, 1.232353, 1.750227, 1.223079 
15.540000, 1.753482, 1.233329, 1.750540, 1.224065 
15.550000, 1.753675, 1.234308, 1.750841, 1.225056 
15.560000, 1.753857, 1.235290, 1.751130, 1.226052 
15.570000, 1.754027, 1.236273, 1.751407, 1.227052 
15.580000, 1.754186, 1.237259, 1.751672, 1.228057 
15.590000, 1.754333, 1.238247, 1.751927, 1.229064 
15.600000, 1.754467, 1.239237, 1.752170, 1.230076 
15.610000, 1.754590, 1.240229, 1.752403, 1.231090 
15.620000, 1.754702, 1.241222, 1.752625, 1.232107 
15.630000, 1.754801, 1.242216, 1.752835, 1.233127 
15.640000, 1.754888, 1.243212, 1.753035, 1.234149 
15.650000, 1.754964, 1.244209, 1.753223, 1.235174 
15.660000, 1.755027, 1.245207, 1.753400, 1.236200 
15.670000, 1.755079, 1.246205, 1.753565, 1.237229 
15.680000, 1.755118, 1.247204, 1.753719, 1.238260 
15.690000, 1.755146, 1.248204, 1.753862, 1.239292 
15.700000, 1.755161, 1.249204, 1.753993, 1.240327 
15.710000, 1.755165, 1.250204, 1.754112, 1.241362 
15.720000, 1.755156, 1.251204, 1.754220, 1.242399 
15.730000, 1.755136, 1.252203, 1.754316, 1.243437 
15.740000, 1.755104, 1.253203, 1.754400, 1.244475 
15.750000, 1.755059, 1.254202, 1.754473, 1.245515 
15.760000, 1.755003, 1.255200, 1.754534, 1.246555 
15.770000, 1.754934, 1.256197, 1.754583, 1.247595 
15.780000, 1.754854, 1.257194, 1.754620, 1.248635 
15.790000, 1.754762, 1.258189, 1.754645, 1.249676 
15.800000, 1.754658, 1.259183, 1.754659, 1.250716 
15.810000, 1.754542, 1.260175, 1.754660, 1.251756 
15.820000, 1.754414, 1.261166, 1.754650, 1.252796 
15.830000, 1.754274, 1.262155, 1.754628, 1.253835 
15.840000, 1.754123, 1.263143, 1.754593, 1.254873 
15.850000, 1.753960, 1.264128, 1.754546, 1.255911 
15.860000, 1.753785, 1.265110, 1.754486, 1.256948 
15.870000, 1.753598, 1.266091, 1.754414, 1.257984 
15.880000, 1.753400, 1.267069, 1.754330, 1.259019 
15.890000, 1.753190, 1.268044, 1.754234, 1.260051 
15.900000, 1.752969, 1.269016, 1.754127, 1.261081 
15.910000, 1.752736, 1.269986, 1.754008, 1.262109 
15.920000, 1.752492, 1.270952, 1.753878, 1.263135 
15.930000, 1.752236, 1.271915, 1.753737, 1.264157 
15.940000, 1.751969, 1.272874, 1.753583, 1.265177 
15.950000, 1.751691, 1.273830, 1.753419, 1.266194 
15.960000, 1.751402, 1.274782, 1.753243, 1.267208 
