t, 
0.000000 
0.002500 
0.005000 
0.007500 
0.010000 
0.012500 
0.015000 
0.017500 
0.020000 
0.022500 
0.025000 
0.027500 
0.030000 
0.032500 
0.035000 
0.037500 
0.040000 
0.042500 
0.045000 
0.047500 
0.050000 
0.052500 
0.055000 
0.057500 
0.060000 
0.062500 
0.065000 
0.067500 
0.070000 
0.072500 
0.075000 
0.077500 
0.080000 
0.082500 
0.085000 
0.087500 
0.090000 
0.092500 
0.095000 
0.097500 
0.100000 
0.102500 
0.105000 
0.107500 
0.110000 
0.112500 
0.115000 
0.117500 
0.120000 
0.122500 
0.125000 
0.127500 
0.130000 
0.132500 
0.135000 
0.137500 
0.140000 
0.142500 
0.145000 
0.147500 
0.150000 
0.152500 
0.155000 
0.157500 
0.160000 
0.162500 
0.165000 
0.167500 
0.170000 
0.172500 
0.175000 
0.177500 
0.180000 
0.182500 
0.185000 
0.187500 
0.190000 
0.192500 
0.195000 
0.197500 
0.200000 
0.202500 
0.205000 
0.207500 
0.210000 
0.212500 
0.215000 
0.217500 
0.220000 
0.222500 
0.225000 
0.227500 
0.230000 
0.232500 
0.235000 
0.237500 
0.240000 
0.242500 
0.245000 
0.247500 
0.250000 
0.252500 
0.255000 
0.257500 
0.260000 
0.262500 
0.265000 
0.267500 
0.270000 
0.272500 
0.275000 
0.277500 
0.280000 
0.282500 
0.285000 
0.287500 
0.290000 
0.292500 
0.295000 
0.297500 
0.300000 
0.302500 
0.305000 
0.307500 
0.310000 
0.312500 
0.315000 
0.317500 
0.320000 
0.322500 
0.325000 
0.327500 
0.330000 
0.332500 
0.335000 
0.337500 
0.340000 
0.342500 
0.345000 
0.347500 
0.350000 
0.352500 
0.355000 
0.357500 
0.360000 
0.362500 
0.365000 
0.367500 
0.370000 
0.372500 
0.375000 
0.377500 
0.380000 
0.382500 
0.385000 
0.387500 
0.390000 
0.392500 
0.395000 
0.397500 
0.400000 
0.402500 
0.405000 
0.407500 
0.410000 
0.412500 
0.415000 
0.417500 
0.420000 
0.422500 
0.425000 
0.427500 
0.430000 
0.432500 
0.435000 
0.437500 
0.440000 
0.442500 
0.445000 
0.447500 
0.450000 
0.452500 
0.455000 
0.457500 
0.460000 
0.462500 
0.465000 
0.467500 
0.470000 
0.472500 
0.475000 
0.477500 
0.480000 
0.482500 
0.485000 
0.487500 
0.490000 
0.492500 
0.495000 
0.497500 
0.500000 
0.502500 
0.505000 
0.507500 
0.510000 
0.512500 
0.515000 
0.517500 
0.520000 
0.522500 
0.525000 
0.527500 
0.530000 
0.532500 
0.535000 
0.537500 
0.540000 
0.542500 
0.545000 
0.547500 
0.550000 
0.552500 
0.555000 
0.557500 
0.560000 
0.562500 
0.565000 
0.567500 
0.570000 
0.572500 
0.575000 
0.577500 
0.580000 
0.582500 
0.585000 
0.587500 
0.590000 
0.592500 
0.595000 
0.597500 
0.600000 
0.602500 
0.605000 
0.607500 
0.610000 
0.612500 
0.615000 
0.617500 
0.620000 
0.622500 
0.625000 
0.627500 
0.630000 
0.632500 
0.635000 
0.637500 
0.640000 
0.642500 
0.645000 
0.647500 
0.650000 
0.652500 
0.655000 
0.657500 
0.660000 
0.662500 
0.665000 
0.667500 
0.670000 
0.672500 
0.675000 
0.677500 
0.680000 
0.682500 
0.685000 
0.687500 
0.690000 
0.692500 
0.695000 
0.697500 
0.700000 
0.702500 
0.705000 
0.707500 
0.710000 
0.712500 
0.715000 
0.717500 
0.720000 
0.722500 
0.725000 
0.727500 
0.730000 
0.732500 
0.735000 
0.737500 
0.740000 
0.742500 
0.745000 
0.747500 
0.750000 
0.752500 
0.755000 
0.757500 
0.760000 
0.762500 
0.765000 
0.767500 
0.770000 
0.772500 
0.775000 
0.777500 
0.780000 
0.782500 
0.785000 
0.787500 
0.790000 
0.792500 
0.795000 
0.797500 
0.800000 
0.802500 
0.805000 
0.807500 
0.810000 
0.812500 
0.815000 
0.817500 
0.820000 
0.822500 
0.825000 
0.827500 
0.830000 
0.832500 
0.835000 
0.837500 
0.840000 
0.842500 
0.845000 
0.847500 
0.850000 
0.852500 
0.855000 
0.857500 
0.860000 
0.862500 
0.865000 
0.867500 
0.870000 
0.872500 
0.875000 
0.877500 
0.880000 
0.882500 
0.885000 
0.887500 
0.890000 
0.892500 
0.895000 
0.897500 
0.900000 
0.902500 
0.905000 
0.907500 
0.910000 
0.912500 
0.915000 
0.917500 
0.920000 
0.922500 
0.925000 
0.927500 
0.930000 
0.932500 
0.935000 
0.937500 
0.940000 
0.942500 
0.945000 
0.947500 
0.950000 
0.952500 
0.955000 
0.957500 
0.960000 
0.962500 
0.965000 
0.967500 
0.970000 
0.972500 
0.975000 
0.977500 
0.980000 
0.982500 
0.985000 
0.987500 
0.990000 
0.992500 
0.995000 
0.997500 
1.000000 
1.002500 
1.005000 
1.007500 
1.010000 
1.012500 
1.015000 
1.017500 
1.020000 
1.022500 
1.025000 
1.027500 
1.030000 
1.032500 
1.035000 
1.037500 
1.040000 
1.042500 
1.045000 
1.047500 
1.050000 
1.052500 
1.055000 
1.057500 
1.060000 
1.062500 
1.065000 
1.067500 
1.070000 
1.072500 
1.075000 
1.077500 
1.080000 
1.082500 
1.085000 
1.087500 
1.090000 
1.092500 
1.095000 
1.097500 
1.100000 
1.102500 
1.105000 
1.107500 
1.110000 
1.112500 
1.115000 
1.117500 
1.120000 
1.122500 
1.125000 
1.127500 
1.130000 
1.132500 
1.135000 
1.137500 
1.140000 
1.142500 
1.145000 
1.147500 
1.150000 
1.152500 
1.155000 
1.157500 
1.160000 
1.162500 
1.165000 
1.167500 
1.170000 
1.172500 
1.175000 
1.177500 
1.180000 
1.182500 
1.185000 
1.187500 
1.190000 
1.192500 
1.195000 
1.197500 
1.200000 
1.202500 
1.205000 
1.207500 
1.210000 
1.212500 
1.215000 
1.217500 
1.220000 
1.222500 
1.225000 
1.227500 
1.230000 
1.232500 
1.235000 
1.237500 
1.240000 
1.242500 
1.245000 
1.247500 
1.250000 
1.252500 
1.255000 
1.257500 
1.260000 
1.262500 
1.265000 
1.267500 
1.270000 
1.272500 
1.275000 
1.277500 
1.280000 
1.282500 
1.285000 
1.287500 
1.290000 
1.292500 
1.295000 
1.297500 
1.300000 
1.302500 
1.305000 
1.307500 
1.310000 
1.312500 
1.315000 
1.317500 
1.320000 
1.322500 
1.325000 
1.327500 
1.330000 
1.332500 
1.335000 
1.337500 
1.340000 
1.342500 
1.345000 
1.347500 
1.350000 
1.352500 
1.355000 
1.357500 
1.360000 
1.362500 
1.365000 
1.367500 
1.370000 
1.372500 
1.375000 
1.377500 
1.380000 
1.382500 
1.385000 
1.387500 
1.390000 
1.392500 
1.395000 
1.397500 
1.400000 
1.402500 
1.405000 
1.407500 
1.410000 
1.412500 
1.415000 
1.417500 
1.420000 
1.422500 
1.425000 
1.427500 
1.430000 
1.432500 
1.435000 
1.437500 
1.440000 
1.442500 
1.445000 
1.447500 
1.450000 
1.452500 
1.455000 
1.457500 
1.460000 
1.462500 
1.465000 
1.467500 
1.470000 
1.472500 
1.475000 
1.477500 
1.480000 
1.482500 
1.485000 
1.487500 
1.490000 
1.492500 
1.495000 
1.497500 
1.500000 
1.502500 
1.505000 
1.507500 
1.510000 
1.512500 
1.515000 
1.517500 
1.520000 
1.522500 
1.525000 
1.527500 
1.530000 
1.532500 
1.535000 
1.537500 
1.540000 
1.542500 
1.545000 
1.547500 
1.550000 
1.552500 
1.555000 
1.557500 
1.560000 
1.562500 
1.565000 
1.567500 
1.570000 
1.572500 
1.575000 
1.577500 
1.580000 
1.582500 
1.585000 
1.587500 
1.590000 
1.592500 
1.595000 
1.597500 
1.600000 
1.602500 
1.605000 
1.607500 
1.610000 
1.612500 
1.615000 
1.617500 
1.620000 
1.622500 
1.625000 
1.627500 
1.630000 
1.632500 
1.635000 
1.637500 
1.640000 
1.642500 
1.645000 
1.647500 
1.650000 
1.652500 
1.655000 
1.657500 
1.660000 
1.662500 
1.665000 
1.667500 
1.670000 
1.672500 
1.675000 
1.677500 
1.680000 
1.682500 
1.685000 
1.687500 
1.690000 
1.692500 
1.695000 
1.697500 
1.700000 
1.702500 
1.705000 
1.707500 
1.710000 
1.712500 
1.715000 
1.717500 
1.720000 
1.722500 
1.725000 
1.727500 
1.730000 
1.732500 
1.735000 
1.737500 
1.740000 
1.742500 
1.745000 
1.747500 
1.750000 
1.752500 
1.755000 
1.757500 
1.760000 
1.762500 
1.765000 
1.767500 
1.770000 
1.772500 
1.775000 
1.777500 
1.780000 
1.782500 
1.785000 
1.787500 
1.790000 
1.792500 
1.795000 
1.797500 
1.800000 
1.802500 
1.805000 
1.807500 
1.810000 
1.812500 
1.815000 
1.817500 
1.820000 
1.822500 
1.825000 
1.827500 
1.830000 
1.832500 
1.835000 
1.837500 
1.840000 
1.842500 
1.845000 
1.847500 
1.850000 
1.852500 
1.855000 
1.857500 
1.860000 
1.862500 
1.865000 
1.867500 
1.870000 
1.872500 
1.875000 
1.877500 
1.880000 
1.882500 
1.885000 
1.887500 
1.890000 
1.892500 
1.895000 
1.897500 
1.900000 
1.902500 
1.905000 
1.907500 
1.910000 
1.912500 
1.915000 
1.917500 
1.920000 
1.922500 
1.925000 
1.927500 
1.930000 
1.932500 
1.935000 
1.937500 
1.940000 
1.942500 
1.945000 
1.947500 
1.950000 
1.952500 
1.955000 
1.957500 
1.960000 
1.962500 
1.965000 
1.967500 
1.970000 
1.972500 
1.975000 
1.977500 
1.980000 
1.982500 
1.985000 
1.987500 
1.990000 
1.992500 
1.995000 
1.997500 
2.000000 
2.002500 
2.005000 
2.007500 
2.010000 
2.012500 
2.015000 
2.017500 
2.020000 
2.022500 
2.025000 
2.027500 
2.030000 
2.032500 
2.035000 
2.037500 
2.040000 
2.042500 
2.045000 
2.047500 
2.050000 
2.052500 
2.055000 
2.057500 
2.060000 
2.062500 
2.065000 
2.067500 
2.070000 
2.072500 
2.075000 
2.077500 
2.080000 
2.082500 
2.085000 
2.087500 
2.090000 
2.092500 
2.095000 
2.097500 
2.100000 
2.102500 
2.105000 
2.107500 
2.110000 
2.112500 
2.115000 
2.117500 
2.120000 
2.122500 
2.125000 
2.127500 
2.130000 
2.132500 
2.135000 
2.137500 
2.140000 
2.142500 
2.145000 
2.147500 
2.150000 
2.152500 
2.155000 
2.157500 
2.160000 
2.162500 
2.165000 
2.167500 
2.170000 
2.172500 
2.175000 
2.177500 
2.180000 
2.182500 
2.185000 
2.187500 
2.190000 
2.192500 
2.195000 
2.197500 
2.200000 
2.202500 
2.205000 
2.207500 
2.210000 
2.212500 
2.215000 
2.217500 
2.220000 
2.222500 
2.225000 
2.227500 
2.230000 
2.232500 
2.235000 
2.237500 
2.240000 
2.242500 
2.245000 
2.247500 
2.250000 
2.252500 
2.255000 
2.257500 
2.260000 
2.262500 
2.265000 
2.267500 
2.270000 
2.272500 
2.275000 
2.277500 
2.280000 
2.282500 
2.285000 
2.287500 
2.290000 
2.292500 
2.295000 
2.297500 
2.300000 
2.302500 
2.305000 
2.307500 
2.310000 
2.312500 
2.315000 
2.317500 
2.320000 
2.322500 
2.325000 
2.327500 
2.330000 
2.332500 
2.335000 
2.337500 
2.340000 
2.342500 
2.345000 
2.347500 
2.350000 
2.352500 
2.355000 
2.357500 
2.360000 
2.362500 
2.365000 
2.367500 
2.370000 
2.372500 
2.375000 
2.377500 
2.380000 
2.382500 
2.385000 
2.387500 
2.390000 
2.392500 
2.395000 
2.397500 
2.400000 
2.402500 
2.405000 
2.407500 
2.410000 
2.412500 
2.415000 
2.417500 
2.420000 
2.422500 
2.425000 
2.427500 
2.430000 
2.432500 
2.435000 
2.437500 
2.440000 
2.442500 
2.445000 
2.447500 
2.450000 
2.452500 
2.455000 
2.457500 
2.460000 
2.462500 
2.465000 
2.467500 
2.470000 
2.472500 
2.475000 
2.477500 
2.480000 
2.482500 
2.485000 
2.487500 
2.490000 
2.492500 
2.495000 
2.497500 
2.500000 
2.502500 
2.505000 
2.507500 
2.510000 
2.512500 
2.515000 
2.517500 
2.520000 
2.522500 
2.525000 
2.527500 
2.530000 
2.532500 
2.535000 
2.537500 
2.540000 
2.542500 
2.545000 
2.547500 
2.550000 
2.552500 
2.555000 
2.557500 
2.560000 
2.562500 
2.565000 
2.567500 
2.570000 
2.572500 
2.575000 
2.577500 
2.580000 
2.582500 
2.585000 
2.587500 
2.590000 
2.592500 
2.595000 
2.597500 
2.600000 
2.602500 
2.605000 
2.607500 
2.610000 
2.612500 
2.615000 
2.617500 
2.620000 
2.622500 
2.625000 
2.627500 
2.630000 
2.632500 
2.635000 
2.637500 
2.640000 
2.642500 
2.645000 
2.647500 
2.650000 
2.652500 
2.655000 
2.657500 
2.660000 
2.662500 
2.665000 
2.667500 
2.670000 
2.672500 
2.675000 
2.677500 
2.680000 
2.682500 
2.685000 
2.687500 
2.690000 
2.692500 
2.695000 
2.697500 
2.700000 
2.702500 
2.705000 
2.707500 
2.710000 
2.712500 
2.715000 
2.717500 
2.720000 
2.722500 
2.725000 
2.727500 
2.730000 
2.732500 
2.735000 
2.737500 
2.740000 
2.742500 
2.745000 
2.747500 
2.750000 
2.752500 
2.755000 
2.757500 
2.760000 
2.762500 
2.765000 
2.767500 
2.770000 
2.772500 
2.775000 
2.777500 
2.780000 
2.782500 
2.785000 
2.787500 
2.790000 
2.792500 
2.795000 
2.797500 
2.800000 
2.802500 
2.805000 
2.807500 
2.810000 
2.812500 
2.815000 
2.817500 
2.820000 
2.822500 
2.825000 
2.827500 
2.830000 
2.832500 
2.835000 
2.837500 
2.840000 
2.842500 
2.845000 
2.847500 
2.850000 
2.852500 
2.855000 
2.857500 
2.860000 
2.862500 
2.865000 
2.867500 
2.870000 
2.872500 
2.875000 
2.877500 
2.880000 
2.882500 
2.885000 
2.887500 
2.890000 
2.892500 
2.895000 
2.897500 
2.900000 
2.902500 
2.905000 
2.907500 
2.910000 
2.912500 
2.915000 
2.917500 
2.920000 
2.922500 
2.925000 
2.927500 
2.930000 
2.932500 
2.935000 
2.937500 
2.940000 
2.942500 
2.945000 
2.947500 
2.950000 
2.952500 
2.955000 
2.957500 
2.960000 
2.962500 
2.965000 
2.967500 
2.970000 
2.972500 
2.975000 
2.977500 
2.980000 
2.982500 
2.985000 
2.987500 
2.990000 
2.992500 
2.995000 
2.997500 
3.000000 
3.002500 
3.005000 
3.007500 
3.010000 
3.012500 
3.015000 
3.017500 
3.020000 
3.022500 
3.025000 
3.027500 
3.030000 
3.032500 
3.035000 
3.037500 
3.040000 
3.042500 
3.045000 
3.047500 
3.050000 
3.052500 
3.055000 
3.057500 
3.060000 
3.062500 
3.065000 
3.067500 
3.07